arm,iv,seed,window,mean,q10,q50,q90,within,between,star,star_W,bias
LR,l2,0,20-100,0.012856347881232993,-0.11156071294558667,0.05414351172872278,0.09498090190293207,0.07032009378325099,0.13280327339031683,0.0499982024427747,0.04398433276929531,0.006013869673479395
LR,l2,0,20-40,0.082578901561221,-0.03861139607140085,0.12511474669176406,0.055812751475882494,0.010187440868825504,-0.0324485883779983,0.0484023585005127,0.0471050506827088,0.0012973078178038014
LR,l2,0,40-60,0.054340992785221504,0.034192705452070316,0.1268693662738346,0.2860525126098308,-0.05510508743682063,0.12156983435069918,0.057052942698662,0.0576173696068298,-0.0005644269081676034
LR,l2,0,60-80,-0.1275721934700055,-0.11442412899842758,-0.2560163066558496,-0.1577033541718197,0.09546444148685662,0.03951112405159407,-0.0522696206631475,-0.0537000766350061,0.0014304559718584034
LR,l2,0,80-100,0.0035086470047960006,0.00728210667217144,0.05817570541897371,-0.08918100801096152,0.0197732988643895,0.004170903366021883,-0.0031874780932525,-0.007038010885237193,0.003850532791984794
LR,l2,1,20-100,0.2687773018740868,0.21174420513629189,0.2684427055015445,0.4123389140720647,-0.04911894793182381,0.02486454304275376,0.176619463543707,0.1760314197813071,0.0005880437624000007
LR,l2,1,20-40,0.23852031246759992,0.28972326875287924,0.317471194702434,0.09234062684264066,0.01068118296537246,-0.08301730478453295,0.11274526962487369,0.0979890286944364,0.0147562409304373
LR,l2,1,40-60,-0.05457174333652431,-0.09110147342824249,-0.1701014726725204,0.21678761763900967,-0.03654209298936861,0.030240551599501897,-0.013088984755219406,-0.005434683338377502,-0.007654301416841897
LR,l2,1,60-80,0.007164884322022502,-0.06791029158547246,0.08611308312838958,0.24403766623115442,0.01739898422826347,0.046126691639693296,0.051072588926299706,0.055129454163589206,-0.004056865237289403
LR,l2,1,80-100,0.0776638484209887,0.0810327013971276,0.03495990034324131,-0.14082699664074005,-0.040657022136091125,0.03151460458809152,0.025890589747753,0.028347620261658997,-0.002457030513906
LR,l2,2,20-100,0.0472577334984593,0.009557428532552814,0.0674088825383733,0.3744415159643437,-0.020834583017550257,-0.0821620677992817,0.046677362057554204,0.0512480103627887,-0.004570648305234494
LR,l2,2,20-40,0.04325712673053089,0.04270096404557311,0.07990875311195761,0.285366002918215,-0.0004032179088355736,-0.06498936845879577,0.028622524551914705,0.023692786782789202,0.004929737769125503
LR,l2,2,40-60,0.0796898940933132,0.10224360051051062,0.02032897694670699,0.060907728214486534,-0.028183151669723294,-0.021956289546202767,0.025882078971322497,0.0335618335503257,-0.0076797545790031965
LR,l2,2,60-80,0.05349251264343229,0.04676969344234483,0.06256557747668862,0.0479223093848008,0.022092078404950977,-0.007613083972609569,0.0326782624582429,0.028371185608006298,0.004307076850236596
LR,l2,2,80-100,-0.1291817999688171,-0.18215682946587575,-0.09539442499697992,-0.019754524553158626,-0.014340291843942365,0.012396674178326406,-0.0405055039239259,-0.0343777955783325,-0.006127708345593397
LR,none,0,20-100,-2.184118141989291,-4.1783565443939565,-1.5763101132350692,-0.4204346835837317,6.43877488091694,7.949841326667601,-2.084265321295673,-1.9144863184825165,-0.1697790028131567
LR,none,0,20-40,-0.8517589764165205,-0.8843342817718738,-0.8083980152512131,-0.5305148343614292,1.810728335226547,0.8185552054848761,-0.854677255942377,-0.8280903253011709,-0.026586930641206
LR,none,0,40-60,-0.7790887282016992,-2.2321822655856325,-0.9116426694063509,0.29260394868030626,1.218683845890105,3.7394012684392766,-0.5360283419813445,-0.5006776630247431,-0.0353506789566017
LR,none,0,60-80,-0.1089761463853316,0.6825462603858714,0.330556317511562,-0.1915644262036527,1.1928121807808987,-0.4081476532730326,-0.31453762108003724,-0.2694756208457174,-0.045062000234320304
LR,none,0,80-100,-0.44429429098574014,-1.7443862574223212,-0.1868257460890672,0.009040628301043902,2.216550519019389,3.80003250601648,-0.379022102291914,-0.31624270931088505,-0.06277939298102869
LR,none,1,20-100,-1.8642727853781405,-3.9093738727362255,-1.8857848795664989,0.0205686639067051,4.950885854657871,8.737760370022883,-1.8576319554671934,-1.7004621216506053,-0.1571698338165879
LR,none,1,20-40,-0.47816617452384635,-1.4669205565606487,-0.5092866637251023,0.3172377078486359,1.4242681250934797,2.452209232996151,-0.7541099247218002,-0.743364729868284,-0.010745194853516299
LR,none,1,40-60,-0.5568033473619383,-0.6544787291152074,-0.3415359511107736,-0.5567217107782659,0.9953381436982669,0.24296948782518868,-0.33988168583823475,-0.2980498337942561,-0.041831852043978796
LR,none,1,60-80,-0.32055567079674896,-0.7484579052893885,-0.7129626385526016,0.2803437263714785,1.0838636586272576,2.033969120785171,-0.29423357928263627,-0.25521110720933304,-0.03902247207330221
LR,none,1,80-100,-0.5087475926956069,-1.0395166817709809,-0.32199962617802136,-0.020291059535143395,1.4474159272388665,4.008612528416371,-0.4694067656245222,-0.4038364507787322,-0.0655703148457906
LR,none,2,20-100,-1.8211010666393652,-2.9187636047598327,-2.0125408838518695,-0.5873627627112821,4.924277672035588,4.452565876666742,-1.9776984640729207,-1.8169781249418449,-0.1607203391310758
LR,none,2,20-40,-0.7190635578483655,-1.5075679457809699,-0.8698551338204974,-0.3265809010297404,1.2793185697711196,1.7364200094738647,-0.8408733801284947,-0.8256472785349145,-0.01522610159358
LR,none,2,40-60,-0.7618766699308521,-1.1812189693486745,-0.9326914929753491,0.0522915551756295,1.6576086281536906,1.6455304676217115,-0.6521322606240196,-0.6028741511042965,-0.0492581095197238
LR,none,2,60-80,-0.2386501032191899,-0.7053673810726595,-0.24544671101934545,-0.1732932562196776,1.1690113893139618,1.8591322051315844,-0.1619781825946256,-0.1144338914087113,-0.04754429118591359
LR,none,2,80-100,-0.1015107356409577,0.47539069144247126,0.035452453963322306,-0.1397801606374936,0.8183390847968157,-0.7885168055604188,-0.3227146407257808,-0.27402280389392253,-0.048691836831858404
SNA,l2,0,20-100,0.002254979299600418,0.09550185739448103,-0.037054059370136005,0.047829232147473255,-0.024138772153536325,0.06201776114919211,-0.023795014927057906,-0.02227474663861692,-0.0015202682884409985
SNA,l2,0,20-40,0.025695298116771403,0.06188812870293681,0.05075363655126079,-0.004866439829578018,-0.03687263936497254,0.033556995922470856,-0.008084817299977898,-0.005729406876789911,-0.0023554104231880008
SNA,l2,0,40-60,-0.04848283577892237,-0.05863147707120986,-0.05157483633536121,-0.0002443923330343045,-0.03759599360324373,0.08304546209203567,0.02748409423423201,0.03408413877302291,-0.0066000445387907995
SNA,l2,0,60-80,-0.03670677045190801,0.03021810219985288,-0.05427521911359909,-0.19012084386580969,0.04485283997048228,-0.11198438755508311,-0.057377476219148016,-0.06396132820070691,0.006583851981558801
SNA,l2,0,80-100,0.0617492874136594,0.0620271035629012,0.0180423595275635,0.24306090817589526,0.005477020844197655,0.05739969068976869,0.014183184357835998,0.013331849665856987,0.0008513346919790006
SNA,l2,1,20-100,0.09556227875965212,0.23973310706793005,0.0767607474853193,-0.07882171643895103,-0.016301776833163584,0.31162257069868593,0.010531770423077097,0.0158039305681818,-0.005272160145104902
SNA,l2,1,20-40,0.11811985116056173,0.22978079778997706,0.1397056094456707,-0.10729755368143823,-0.0021755746964325917,0.07617042304025723,0.0017569017681420829,-0.004970265728432205,0.0067271674965741005
SNA,l2,1,40-60,-0.025237807716983418,0.00632506622294049,-0.07901537478684759,-0.01630034637046318,-0.011363261560658033,0.053723474866664844,-0.0029105007855599885,0.0026452978723189025,-0.005555798657878801
SNA,l2,1,60-80,-0.03365977041986601,-0.10099012807897645,0.04888314408935239,-0.031412299548941924,-0.0049541667798100875,-0.002962178214638067,0.050578703498021904,0.048442360174803606,0.002136343323218201
SNA,l2,1,80-100,0.03634000573593982,0.10461737113398895,-0.032812631262856204,0.0761884831618923,0.002191226203737129,0.18469085100640192,-0.0388933340575269,-0.030313461750508502,-0.008579872307018403
SNA,l2,2,20-100,-0.028496821235739378,0.006688318056150888,-0.10279842877229291,-0.005244833491511003,-0.009431521784076247,0.13201538058103424,-0.038433696347844604,-0.0351426214179692,-0.0032910749298752998
SNA,l2,2,20-40,0.006197743176864501,-0.01249744231243688,0.0012306349617810936,0.07364974696408999,-0.016427004820957714,0.1023646884872238,-0.016031979451561595,-0.018192387157958206,0.002160407706396701
SNA,l2,2,40-60,-0.006903997102050308,0.14301835061151302,-0.013105357141759394,-0.07678180332675977,0.012692909002043784,0.2420530223483921,-0.05183385925408571,-0.046605257166494884,-0.005228602087590902
SNA,l2,2,60-80,0.09918609220462302,0.08197578368946845,0.0750064497997393,0.1641024719850503,0.00515640397815742,0.02540828595049427,0.04410091149212572,0.044424314217169386,-0.0003234027250436991
SNA,l2,2,80-100,-0.1269766595151766,-0.2058083739323937,-0.1659301563920539,-0.16621524911389152,-0.010853829943319737,-0.23781061620507593,-0.014668769134323023,-0.014769291310685495,0.00010052217636260033
SNA,none,0,20-100,-0.4303477822348907,-0.8046095713911479,-0.3956290152525461,-0.06745188093664412,1.8948404033907946,0.8837528136324615,-0.19253812750558708,-0.26211860978354784,0.0695804822779609
SNA,none,0,20-40,-0.4102001903917767,-0.5928941470152513,-0.26248197370927784,-0.23426736878239163,0.6143294347595327,0.25481949096550294,-0.2775596935579361,-0.29008026362376227,0.012520570065826103
SNA,none,0,40-60,0.023016896778949802,0.12821426477930897,-0.054199430239071145,-0.09038409219462859,0.33939287404277785,0.1156532826509703,-0.03580453000232009,-0.05389424227378692,0.0180897122714669
SNA,none,0,60-80,0.06839934344260079,-0.017743095037131784,-0.02234469337061018,0.22398747450294762,0.5638043226516389,0.42811028792320904,-0.02054620069186064,-0.04416161832250509,0.023615417630644495
SNA,none,0,80-100,-0.11156383206466458,-0.3221865941180737,-0.05660291793358696,0.03321210553742848,0.3773137719368451,0.08516975209277922,0.14137229674652974,0.12601751443650644,0.015354782310023407
SNA,none,1,20-100,-0.542682377402396,-0.5091202145165286,-0.23612059460238943,-0.045894981230922796,2.3991506907294005,9.622962184678487,-0.6613553271111964,-0.6534937493297553,-0.0078615777814412
SNA,none,1,20-40,-0.1452198910936885,0.030039012143121546,-0.04885772031189106,0.0013659170982212032,0.5811457220297871,1.2669550535822112,-0.1819753598252173,-0.18524317213354868,0.0032678123083314994
SNA,none,1,40-60,-0.14410603968111246,-0.12385947456742596,-0.2363950846476528,0.0164289149604447,0.6897622627727742,2.839208739257098,-0.07674515280322014,-0.06885094498664923,-0.007894207816570999
SNA,none,1,60-80,-0.028224973471872028,-0.2917140047480431,0.25004915244046144,0.09894762557242759,0.6100417905172235,2.959104651911983,-0.06850992007650802,-0.06843658774629624,-7.333233021200071e-05
SNA,none,1,80-100,-0.22513147315572302,-0.12358574734418104,-0.20091694208330702,-0.1626374388620163,0.5182009154096154,2.5576937399271955,-0.3341248944062509,-0.3309630444632612,-0.0031618499429896998
SNA,none,2,20-100,-0.7499594411657793,-0.9798922196700237,-0.5326972341247131,-0.2475403536629125,2.4744861973369265,7.520342813843726,-0.7154692214688674,-0.6942297786225954,-0.0212394428462721
SNA,none,2,20-40,-0.15879898842388274,-0.02231722026381,-0.14565405821771715,-0.18414297965227108,0.6006163491078382,1.7502602687700883,-0.35347233179721393,-0.3437968785012825,-0.0096754532959312
SNA,none,2,40-60,-0.22020444378238513,-0.4694685619857404,-0.0738953073915043,0.058950213549258196,0.7829785177777988,3.496148544522634,-0.1654447354487738,-0.15952061562748998,-0.0059241198212839005
SNA,none,2,60-80,-0.08023792466076052,-0.40655348489734155,0.028593891726790943,0.1068600636720068,0.7131007367515361,2.3181895937454673,-0.08920410803581591,-0.08292253092604929,-0.006281577109766699
SNA,none,2,80-100,-0.2907180842987509,-0.08155295252313177,-0.34174176024228264,-0.2292076512319064,0.37779059369975343,-0.04425559319446393,-0.10734804618706373,-0.10798975356777363,0.0006417073807096999
