arm,iv,group,step,actual,W,b,star,alignment,history,data,l2,positive,negative,history_W,history_b,data_W,data_b,l2_W,l2_b,sgd_data,sgd_l2,sgd_mean,sgd_cov,pre_history,pre_history_W,pre_history_b,within_history,rounding,gate_mean,gate_rms,upstream_rms,local_delta_rms,positive_fraction,gW_norm,gb,opposed_fraction,W_down_mass,W_up_mass,b_down_mass,b_up_mass,data_down_mass,data_up_mass,history_down_mass,history_up_mass,l2_down_mass,l2_up_mass,pre_history_down_mass,pre_history_up_mass,within_history_down_mass,within_history_up_mass,bias_down_share
LR,l2,ALL,20,-0.2486065191078245,-0.24698542410317376,-0.001621095004650813,-0.08317720705221329,-0.16353689784025852,-0.22150501565655267,-0.027788822699210843,0.0006376404762605199,-0.027274560166884537,-0.0005826226132291064,-0.2200390156700777,-0.001465999986474964,-0.027643361063631477,-0.0001454616355793774,0.0006494674045471677,-1.0172674164452174e-05,-0.0014978978440856013,6.1780491230087545e-06,-0.0013625345995283158,-4.815643666253523e-05,-0.00017453690398475276,-0.00013887931574250458,-3.5657588242247685e-05,-0.22248138884281657,-1.2339528993931774e-08,0.3720427201923572,0.44521821273000617,0.1218766955325478,0.06177572902880218,0.30226973684210523,0.1520612029025429,-0.0021095393872574753,0.3567105263157895,0.3538170079341636,0.10683158383098988,0.002927566113756161,0.0013065733368919036,0.04611516336915675,0.01850594429177581,0.31505716372524345,0.09355214806869076,7.465644114530931e-05,0.0007122969174058292,0.01641332573233833,0.016238788828353577,0.31557518623023856,0.09309379738742196,0.00841917181010595
LR,l2,ALL,50,-0.15865276630232875,-0.1584105746889603,-0.00024219161336843268,-0.04310759063395497,-0.11243118035883934,-0.14585294163083407,-0.012695785791763869,0.0017427761689249824,-0.010665536866244756,-0.00163498398472815,-0.1456215618197928,-0.00026073075822708353,-0.012743861532099013,2.8614598758969395e-05,0.0017723128057881502,-2.540058337357942e-05,-0.0006620518941845056,1.859960320571548e-05,-0.0003257428056615988,-0.00033593855982561846,-0.00022075334489183305,-0.00018010141341214656,-4.065193147968579e-05,-0.14691870461780787,-8.427745545182348e-09,0.4116545626991674,0.487870515522204,0.09920356650101513,0.05600005087099578,0.3462828947368421,0.13166119299436868,-4.501496098543472e-05,0.36475319234048825,0.3590999881670982,0.20273213549565278,0.0029857518968052126,0.002758849993383353,0.039725660038935434,0.027029874247171563,0.3250940715125161,0.1795192162855137,0.00022555992077898638,0.0019683360897039693,0.01851288902750436,0.01829213568261253,0.32543993671386806,0.1786549074184177,0.008528935503074936
LR,l2,ALL,100,-0.1500037636145112,-0.1503219991751026,3.955140384373646e-05,-0.04127840915679766,-0.10664672189459896,-0.13858240370418118,-0.015222276324815013,0.0036332558380392337,-0.012770288052996586,-0.002485595343986335,-0.1388467158102796,1.4506659412376975e-05,-0.01532463003987115,8.4068413378411e-05,0.0036922790839872275,-5.0661086844519994e-05,-0.0006759257734912186,3.535544741604255e-05,2.2905133799618068e-05,-0.0005537045310327282,-0.00022337659558350006,-0.00018249299852409143,-4.088359705940792e-05,-0.13965094876972425,-9.069897823917087e-09,0.41064798656262846,0.48998586755049856,0.08800056708486456,0.049269016855641425,0.34516447368421044,0.10804036541988975,-0.0003236491046845912,0.3681478908084094,0.3510961599114127,0.20077416073631013,0.0031942060881632833,0.0032569841938522204,0.03995569332031317,0.02519464263906888,0.31774183541175455,0.17915943170757337,0.00047395764398484126,0.0041072134820240745,0.018602867192528592,0.01837949059694509,0.3193119233012909,0.17966097453156663,0.009024845218420027
LR,l2,D_only,20,-0.1912599830860322,-0.18923975237748897,-0.0020202307085432523,-0.08030047612400322,-0.10038032967755829,-0.17733673987598833,-0.014432279422673035,0.0005090442217248866,-0.018382971118019165,0.003950691734371997,-0.1754961446323985,-0.0018405952435898278,-0.014260938845430726,-0.0001713405772423108,0.0005173390721851915,-8.294850460304975e-06,-0.0009639039901777922,6.899869567121431e-07,-0.0019701283198179467,0.0009943859848761134,-0.0015567647843600283,-0.0015195006221448127,-3.726416221521675e-05,-0.17935252998730464,-8.367697303709735e-09,0.46590386221018487,0.5352024072834977,0.15139603038672927,0.08816190039831086,0.406559830633966,0.21683819915729852,-0.002360660344401303,0.3521563342318059,0.0610578247513412,0.026231165093770093,0.0006141036693435652,0.0002214167178853562,0.0070718621245533875,0.004890124644488398,0.05536490691221618,0.022307875136011745,1.9265379509133652e-05,0.00011707392851004268,0.004235290794702155,0.003999585721356483,0.05497782921400046,0.022114771624422214,0.00995758824265328
LR,l2,D_only,50,0.0647528482727197,0.06530306704561285,-0.0004736453119432225,-0.008516821369411455,0.07536009193064905,0.04956810383783442,0.009274558192705186,0.001137044000695642,0.004837841681235413,0.004436716551888029,0.05012360617760899,-0.0004469341883936301,0.009265147985038148,9.410207667038445e-06,0.0011579161056319166,-2.087210493627466e-05,0.0005824393105755207,-4.933603720764054e-06,-0.0007337309160083972,0.0012328232929945987,-0.0017936580783760058,-0.0017507884006692333,-4.286967770677142e-05,0.051519651289431166,2.694422887730217e-09,0.5382646955982044,0.6040591140631973,0.11782668880902945,0.07547280569468261,0.4869607736002314,0.18179530552260156,-0.00035128658006945284,0.3634688346883469,0.04857295052530009,0.05797025454612864,0.0005596182883968331,0.00046103869353445544,0.00566135331371696,0.007657698314084984,0.04402854251916743,0.05075622351578647,6.446482534059117e-05,0.0002829926109986307,0.0047815293055662655,0.004512581812231218,0.04379328146823701,0.05111918698717235,0.011389966002364313
LR,l2,D_only,100,0.08878722170138563,0.08907677327275346,-0.00028955157136780906,-0.0012989206503002733,0.10241206322296759,0.07985111118751118,0.007912741797650237,0.002056403514320623,0.003099546919427685,0.003780155466643121,0.08007996196434326,-0.00022885077683207594,0.007873435515509265,-8.84049322274343e-06,0.0020984905524367116,-4.208703811608802e-05,0.0006686215495562982,-2.6313594004193262e-05,-0.0006322500965861592,0.0016258963029949225,-0.0018051044691185045,-0.0017619625688407004,-4.314190027780694e-05,0.07757671637215763,4.650370970432127e-09,0.5429140416518669,0.6148391702179313,0.10797570389724143,0.06582397310564878,0.4921267082124184,0.14152244671211342,-0.0008710513295563649,0.3669476137564704,0.04412129777223335,0.06585237347515002,0.0005898689796480251,0.0005362709620538609,0.005178379383959758,0.007192444908513389,0.040029569675475794,0.05903536034786762,0.0001617750418442063,0.0005566071300890579,0.004805211135650323,0.00453459613278683,0.040555605479415606,0.05916752787981269,0.01305895323265534
LR,l2,N_only,20,-0.3896651618475884,-0.3875662486390673,-0.0020989132085211812,-0.13000967136791294,-0.25894926375445704,-0.34590785799200335,-0.0441204462787807,0.0007352707183259508,-0.04056060655048038,-0.0022368046847369505,-0.34400365826582757,-0.0019041997261758147,-0.043921135297370476,-0.0001834881348211069,0.0007495095374043314,-1.0312565634904524e-05,-0.0016883998140245925,1.0173635449227013e-05,-0.0011516990986680253,-0.0005367006471178465,-0.0014501784548493035,-0.0013579618472912252,-7.867698341486465e-05,-0.34408080564324245,-1.961289319261426e-08,0.32305301644990836,0.3954864819818383,0.09898828284149272,0.0425859993791165,0.24783667860408368,0.10016410411563947,-0.0024696780541532486,0.3737196765498652,0.09536986761961481,0.020574353632825372,0.0007223016842602335,0.0003019539377572456,0.012249424793633962,0.003662463778782472,0.0846059595216642,0.01798294884625147,1.3011442700254447e-05,0.00015681673607551415,0.0034959608966659062,0.0032036489287325547,0.08415992963754107,0.017881083279740504,0.007446577675002278
LR,l2,N_only,50,-0.3654894412588067,-0.3644881564149574,-0.0010012848438493056,-0.11093836827447298,-0.25455107298433377,-0.3315787117602563,-0.03642467936817085,0.0022491561002935547,-0.032487950062472445,-0.0038721439581624827,-0.330641643955899,-0.0009370678043572451,-0.036406531909869144,-4.281611665264014e-05,0.002284513808471446,-2.5588659815165385e-05,-0.0014122987185534253,3.4239555558212e-05,-0.00044839426660750736,-0.0010055458849289043,-0.0016579768179098618,-0.0015536958501289554,-8.962134143345058e-05,-0.3299207349423464,-1.7068323094484465e-08,0.35318185403701435,0.4279781467370986,0.08249979064043104,0.03872056728306426,0.28131317760462704,0.09134131043178874,-0.00177163177259182,0.37243907698943285,0.10277484267614556,0.031928892251540886,0.0007549531602298405,0.0005539687999407761,0.01138479334232494,0.004240508707020224,0.09309905785781707,0.02874981496275101,4.323178385320442e-05,0.0004814519311183299,0.003942012167232775,0.003607590304178155,0.09252390811605439,0.028924045175957803,0.007321335229956793
LR,l2,N_only,100,-0.37075323412612454,-0.36956088966771916,-0.0008477294040593611,-0.12003947371897261,-0.2546498202164397,-0.33526594532409143,-0.040701732246932534,0.005120132789541032,-0.03644750338017216,-0.004309524252003031,-0.3341846508119477,-0.0007906720264784326,-0.040640110028714344,1.2408704951861014e-05,0.005189597986765515,-4.942702970611526e-05,-0.0015131404587157191,7.488377911231322e-05,-0.00016459877006623773,-0.0014180938284233148,-0.0016674919482475125,-0.0015626907552518988,-9.012355993544098e-05,-0.3373108876037369,-1.937514639962477e-08,0.3412158964200356,0.42235606579374335,0.07500290821032468,0.03423124021487418,0.2680176599043462,0.07419962999186136,0.0002122964254154551,0.37271869524194634,0.10217621250910393,0.030046217705799322,0.0008009330319213117,0.0006410737048932597,0.011695287772522378,0.0037515520938616732,0.09249793860086535,0.027000821340559148,7.539135952261575e-05,0.0010638030582316368,0.003960945459491041,0.0036247780277912727,0.09276862294746845,0.026965065698651883,0.007584541957888982
LR,l2,both,20,-0.3132132668617493,-0.31106171738528987,-0.002151549476459352,-0.13150805536892338,-0.18170521149282587,-0.28076993243821835,-0.03296821463421069,0.0005248956314247499,-0.03727854253189035,0.0043103280253237435,-0.2787802603284669,-0.0019896721097514476,-0.03281786440955211,-0.0001503502246585799,0.0005364231318276847,-1.0968771420311553e-05,-0.0014348634199680525,6.962593885043349e-06,-0.0011757908358664133,-0.00027427179811912946,0.006967122099423193,0.006746898352889157,0.00013904798977626298,-0.2724629880700992,-1.5420744917136224e-08,0.40792646099102925,0.4951680463657045,0.13230759746494006,0.067396606986684,0.34214050751879704,0.16692367894831756,-0.00024012420898336022,0.38113207547169814,0.02530546704571576,0.008234233864362889,0.00020207268334496275,8.567775618039856e-05,0.0033756845020350436,0.0014621871725543068,0.022375205825972952,0.006996515875386699,1.67501854463518e-06,3.024805644732295e-05,0.0010138958505066503,0.0014092641057285539,0.02233913377849166,0.006946852620609703,0.00792207658956389
LR,l2,both,50,-0.20325694359661234,-0.2026750877926909,-0.0005818558039214484,-0.09034731949709221,-0.10562133280877942,-0.1903661429333663,-0.014446085957954614,0.0015552980954253403,-0.01835468387952811,0.0039085980215994316,-0.18975619002998875,-0.0006099529033776084,-0.014502552848025839,5.646689007121993e-05,0.0015836686200331458,-2.7094991772653445e-05,-0.0003605293095257387,2.2861204659693527e-05,0.0003840835363106166,-0.0007156943574586018,0.007873394873187733,0.007623439389926349,0.00015650915540011063,-0.18100001590363765,-1.2800716782291943e-08,0.4460338380850645,0.5236774726868074,0.11249861524211816,0.06371223838406996,0.3844820384294068,0.15356217883433915,8.449120673256577e-06,0.37471698113207547,0.02675551642751312,0.017409121419520494,0.00021890060614647444,0.00019785288733577256,0.0028928845347171656,0.0023040260542171193,0.0242100068377213,0.01534774117580109,1.022294500782984e-05,9.163243365080243e-05,0.0011418116194981094,0.001587456981093712,0.02420944293243924,0.015691929967471995,0.00811511907276153
LR,l2,both,100,-0.15959621066816085,-0.15920094842682406,-0.00039526224133678,-0.07737683029379507,-0.06608839506432389,-0.14744193189887167,-0.015269676506635832,0.0031154068332783025,-0.019422987572674494,0.0023539925352490674,-0.1470467743455254,-0.00039515755334629173,-0.015326105654044653,5.64291474088015e-05,0.0031719394380134744,-5.415141919079386e-05,-0.0005593582714732576,4.0080439494837146e-05,0.00040282882814021877,-0.0007983009266666329,0.007912198491853914,0.007660938614890643,0.00015725661180276485,-0.1380304406835657,-9.095931671635858e-09,0.462403674880564,0.5495419604587077,0.08832605140776137,0.057451571075308974,0.402670739348371,0.1225622007889407,-0.0010521156638391043,0.37317307692307694,0.024516849761485004,0.01734084955325885,0.0002216419614514483,0.00021635549939482622,0.0027089012925017486,0.0019903540762384606,0.02217570361079858,0.015542419100569204,2.385078220965012e-05,0.00018997058240676775,0.001147253614621027,0.0015951058186229794,0.022235014150944563,0.01574579070078192,0.008448112209166095
LR,l2,rest,20,-0.2005652382060556,-0.19943326495942468,-0.0012629579200206895,-0.0600755722642328,-0.1404896659418228,-0.17623738668959077,-0.02504757874661886,0.0006637714072961855,-0.023947345484006982,-0.0017138937015487485,-0.1752183752941149,-0.0011680867732900104,-0.024944421496830096,-0.00010315724978876548,0.000676225641165678,-1.077920475859564e-05,-0.0014904523163267788,6.8239989488302805e-06,-0.0011146125999924852,-0.0002680548431705244,-0.0006623396604427518,-0.0005829718408108314,-7.93678196319206e-05,-0.17820452288293098,-9.646521449110578e-09,0.3532006357963926,0.4244472527881246,0.11841066725574854,0.05787131661574004,0.28133403876880647,0.14175204240927183,-0.0020814729794418688,0.34883280458355037,0.16633828810861648,0.05555903885830373,0.0014085401436176126,0.0007171621566062402,0.022905375639795233,0.009004114535963162,0.1472753735783683,0.04936647920781194,4.1884280782708e-05,0.0004091799182462738,0.008163126450409069,0.007833227003135417,0.14773836303683396,0.048704700226438725,0.008458500840226204
LR,l2,rest,50,-0.13858151964741733,-0.13881684265973224,5.334909179531488e-05,-0.0264614230733089,-0.11212009657410847,-0.1269704997253204,-0.013506838542969597,0.001829033339483605,-0.010901167884265248,-0.0033496419029576344,-0.1271540151603223,2.9789627342261922e-05,-0.013583299540772364,7.354948776078357e-05,0.001860138101152398,-2.7028109394332205e-05,-0.0009494339200646605,2.2065590163440157e-05,-0.00022459845721567762,-0.0007015738729050019,-0.0007528814534145607,-0.0006631294397175132,-8.975201369704708e-05,-0.12915336520468332,-7.735051558425263e-09,0.3813215907601791,0.46123219350510497,0.09765861604822568,0.05303309108282561,0.3125795437004555,0.12911329115925776,0.0005353483591859624,0.36225448334756616,0.1760374119012792,0.0994962357313675,0.0014819997897594526,0.0015126241174201775,0.01982299055952157,0.012782834557787347,0.15933511645955098,0.08930112808315807,0.00010773726993733988,0.001123114966250493,0.009201386273942413,0.008822551938742498,0.15961514479133174,0.08833240976070683,0.008426055713104135
LR,l2,rest,100,-0.1452785270880413,-0.14605463127666396,0.0005876349817824225,-0.027697562732044063,-0.11758096435599724,-0.13450151989591763,-0.01464554030095132,0.003790383813324635,-0.010422489609745449,-0.00422305073296508,-0.13517532481715375,0.0005033655225778734,-0.01478426828200409,0.00013872798105277155,0.0038527927957079065,-5.435443476438727e-05,-0.0008646618757465998,4.470402477027158e-05,0.00026574987452609577,-0.0010057550063361576,-0.0007576830955668158,-0.0006674716150706491,-9.02114804961674e-05,-0.13669251372706406,-1.0598382169602727e-08,0.38946023151835313,0.47702968014884234,0.0852975854795997,0.04572986065005652,0.32162247657532994,0.10163157181726103,-0.00012773676923004198,0.3662991498405951,0.17839647160880062,0.09780604129046759,0.0015613472877846922,0.0018866289115976541,0.020284211351290073,0.012587903550650153,0.1612738499196099,0.08704506911629922,0.000222598316062725,0.0023265856035286116,0.009245657833382713,0.008864337175579275,0.1620481822313437,0.08656595823534091,0.008845225867116462
LR,none,ALL,20,0.011105917630966479,0.011013690078727184,9.222755223929295e-05,-0.0019113613654686988,0.013017278996435167,0.013278788540813862,0.0002675079028957534,0.0,-0.03390890713802978,0.03327197615502397,0.01317980821958443,9.89803212294297e-05,0.00027213793910361246,-4.6300362078589535e-06,0.0,0.0,-0.0006626956447716045,0.0,-0.0005154690869002481,-0.00020429030800597482,6.842965658234987e-07,4.9996911810859205e-05,-4.93126152450358e-05,0.0118125756049373,3.184301234680753e-09,0.21617104781301397,0.28118483995136456,0.17225313839159515,0.04523450663215236,0.12907894736842107,0.10597813556068822,0.000728815502585157,0.3295,0.36240752804631116,0.3948892698429213,0.0033441471823760748,0.0034889848571037873,0.049584064929892924,0.05122964787894307,0.3193208900582478,0.34842888376278175,0.0,0.0,0.018187721229204475,0.016782979521465426,0.3188027355569713,0.34931257534488885,0.008770978403910073
LR,none,ALL,50,-0.08368893648295048,-0.08329807530956339,-0.0003908611733870776,-0.033785699187538265,-0.047010245086479795,-0.07573287346051465,-0.006926006198727359,0.0,-0.035478424861301816,0.027522363873701355,-0.07537734401944812,-0.0003555294410665181,-0.006878928186936987,-3.533222379511121e-05,0.0,0.0,-0.000943668560530552,0.0,-0.0007122707146182343,-0.00024520842906697554,-9.027666552112476e-06,4.668432700520376e-05,-5.571199355731603e-05,-0.07737992620573018,-2.0541901862485743e-09,0.21463157453035053,0.27943329560129265,0.12412955886439275,0.03338446654771504,0.12736842105263158,0.07615888620677748,0.00023271018614698407,0.36027159324174957,0.51178684899401,0.46041495189332626,0.004816031556015093,0.004538303973355429,0.057713053291375924,0.0534272292343868,0.45977412006137924,0.41217922541756385,0.0,0.0,0.0204842715567088,0.01890251373505746,0.45867509580811167,0.41059454710826926,0.008984298355969873
LR,none,ALL,100,-0.05856498037652867,-0.058595771241674255,3.079086514557469e-05,-0.022878421784962976,-0.033634905869591385,-0.05465435666031608,-0.0039106347405887055,0.0,-0.025415473956192695,0.02150483919131523,-0.054675893714637235,2.1537054321147363e-05,-0.003919885895213542,9.251154624837765e-06,0.0,0.0,-0.000738185838069985,0.0,-0.0005951297645998186,-0.0002465953721047545,-9.723447925637092e-06,4.626934848815364e-05,-5.599279641379055e-05,-0.05630908267204743,2.8978044489536846e-09,0.2245789457622328,0.2895247981422826,0.11235732906743101,0.030519363189998424,0.13842105263157897,0.06591985639772918,-0.0005038697027454251,0.36607471814899417,0.5665207667708686,0.5427099148275002,0.0053122298862619665,0.005461519946080731,0.060661606287999825,0.06113144852031665,0.5113943078494259,0.48715044497938437,0.0,0.0,0.020583524600216827,0.018993775958428615,0.5103777693395961,0.48549229391838217,0.009219621223212359
LR,none,D_only,20,0.2851781184380025,0.2831478777919887,0.00202265005042405,0.08806866012924694,0.19393674510678896,0.25079009571063915,0.03326631852656209,0.0,-0.011914678452711666,0.041948893508570145,0.24902499818844248,0.001765097522196682,0.0330260298319151,0.00024028869464698695,0.0,0.0,0.0004970280975013958,0.0,0.0006842049801987962,-0.00021861009319834511,0.0013063529869108276,0.0013781071905280883,-7.175420361726094e-05,0.2506054310589581,1.586557145774282e-08,0.13715403013067942,0.17333064471994525,0.1769619642068833,0.029015518444769555,0.04128225170356026,0.06577099203018041,0.0006544792499009163,0.3243142144638404,0.03363837186260074,0.09142899003716484,0.0002657039521727711,0.000684008265012189,0.0047016093786751275,0.011480666889780757,0.02963781817624859,0.08111537410464047,0.0,0.0,0.004719084350775491,0.004714294432299747,0.029494165588283005,0.08126687106035128,0.00782803525674768
LR,none,D_only,50,0.26945183470499406,0.2673579001772682,0.0021499540730623326,0.06778675556914243,0.20166507913585174,0.24054862109886707,0.028903204039973256,0.0,-0.012075263566426197,0.03948475486112935,0.2386613764432783,0.0019375887277205107,0.028696519217509205,0.0002123611170186349,0.0,0.0,0.0003927372418846892,0.0,0.0006181130583634079,-0.0002253758309598266,0.0014666063033479805,0.0015482201556526166,-8.161385230463677e-05,0.23908201479551905,6.331241977066114e-09,0.13787384478027356,0.17287693916933944,0.12451774529686561,0.021351884187224578,0.04208204661504673,0.0489558952367595,0.00018245587351217247,0.3554254326873251,0.05358286678703373,0.11027012572119155,0.00043758030527418383,0.0008803713613336809,0.006160963571079844,0.012167165274362212,0.04798721520620695,0.09907313558673843,0.0,0.0,0.0053337390733390845,0.005328034044571331,0.04783913461251159,0.09865474027550057,0.007995459433834175
LR,none,D_only,100,0.28242166659379053,0.28025325002464135,0.002168416569149165,0.06611227654117861,0.21630939005261193,0.2506022315228988,0.031819400582327975,0.0,-0.006664183470972057,0.03620308791537375,0.2486561099072536,0.0019461216156450526,0.03159711078793228,0.00022228979439569858,0.0,0.0,0.0005653593070643715,0.0,0.0006105153423304135,-0.0001979943291763441,0.0014734963227300748,0.0015555576274254575,-8.20613046953847e-05,0.24912873520016862,5.581564804514039e-09,0.14938365369626538,0.19070802535674516,0.11385426081321158,0.02200572287681439,0.05487072348109021,0.0461093973942147,0.0003332821858645689,0.3637746577221377,0.0644195723266509,0.12439956037040739,0.0005306398808514993,0.0009977079612987214,0.006792826946400916,0.013651446933734103,0.05824562858035959,0.11176101029265034,0.0,0.0,0.005360688056841172,0.005354972739984185,0.05809066735657839,0.1112583268936298,0.008071815465409913
LR,none,N_only,20,-0.6210248098400063,-0.615681018595414,-0.0045695391215753115,-0.23024360460845264,-0.38540970205575953,-0.529693986405984,-0.08505691824415293,0.0,-0.10535276740623004,0.017190749811054177,-0.5250916809068878,-0.003989943496760097,-0.08447732394141062,-0.0005802858544543025,0.0,0.0,-0.0039682311161018165,0.0,-0.003524150254970196,-0.00010660679260101507,0.0018574000906016917,0.0018610344959493757,4.036251754854749e-06,-0.5304350167535552,-2.2140743647296987e-08,0.3831971048067726,0.5160169369201626,0.16634935668407583,0.08270167840702534,0.31466346265046985,0.19709015796193388,0.0004812917410592331,0.33602015113350125,0.17953879174182294,0.05128277446525905,0.0015632729577880942,0.0005144212772383502,0.025662229773713255,0.007429399991886393,0.15600508662014512,0.04514206214490903,0.0,0.0,0.003188887361619511,0.003803740040812109,0.15643749197881662,0.04500611240257675,0.00889086048259958
LR,none,N_only,50,-0.8659058501488655,-0.8588561492703342,-0.007012846216519106,-0.3115731470077273,-0.5543327031411384,-0.7745926122601672,-0.0913132095811537,0.0,-0.1022971520135137,0.01368349732073521,-0.7682346428530661,-0.006312103239819417,-0.09062147895685009,-0.0006917306243035996,0.0,0.0,-0.004368129291778845,0.0,-0.004002113502224723,-0.00036601557407798033,0.002058540823747656,0.0020629412496181014,4.1555313701448405e-06,-0.7754202080907732,-2.830754468052873e-08,0.3574312468164451,0.47823854756389095,0.12165915363266763,0.05715639742881028,0.2860347338490869,0.13199377213753627,0.00038537830331656687,0.36673316708229425,0.23855151913029465,0.05876607911907707,0.002154165764682387,0.0006810017257904339,0.02654203068956427,0.007404337725517201,0.21428745749624237,0.0521665521048549,0.0,0.0,0.003582468380819814,0.004268837863040071,0.21467651577170854,0.05221644131639804,0.008949376354041147
LR,none,N_only,100,-0.8005596871466881,-0.7944603531363319,-0.0060993340103562815,-0.2778343988162913,-0.5227252883303968,-0.7161527288573144,-0.08440697601972293,0.0,-0.09195977640909554,0.009900358342547492,-0.7106581687994046,-0.005494560057910036,-0.08380220043510687,-0.0005922779202619256,0.0,0.0,-0.0040195268509662955,0.0,-0.003574628008061114,-0.0004370093590102986,0.00206619491923543,0.0020706463704491113,4.166533250261893e-06,-0.7169841648371138,-9.24110185156812e-09,0.3809537933064119,0.5027123552928265,0.10631469313843517,0.05200601520061573,0.31217089928500935,0.11472095325521704,-0.0016718252205721366,0.36895261845386534,0.24419951847765145,0.07758436312535605,0.002187690934301109,0.000933045970925473,0.026758075123581648,0.009028342454123485,0.2196995232299157,0.06957660345536888,0.0,0.0,0.003599330244534606,0.004288823880459342,0.22001155623750213,0.06954784996030228,0.008879076716370251
LR,none,both,20,-0.252117948008138,-0.250193238386858,-0.0018035443691667495,-0.11970050428524033,-0.13241744372289768,-0.20961597335859175,-0.0425019780543014,0.0,-0.06267779327107681,0.02117376491173633,-0.2079934813410906,-0.0014557706904780813,-0.0421997640630057,-0.00030221399129569886,0.0,0.0,-0.0026077000215910967,0.0,-0.0025951123190126337,-8.542801199770865e-05,-0.0032732560664750373,-0.0030702064270856032,-0.0002030496393894355,-0.2063427172921167,-3.8741120975004536e-09,0.3950904550259573,0.5196716936757989,0.16069014705437468,0.08298409996848355,0.3278782894736842,0.19480035785296207,0.005600323849929529,0.3230769230769231,0.022926495121323415,0.010460784083299203,0.00017994439437691318,9.523996936255381e-05,0.0035572877411763127,0.001393669541708464,0.01971086328557554,0.009392836854667252,0.0,0.0,0.001171517839006684,0.0010605467489177424,0.019738666913192985,0.009048579265132958,0.007998812833523763
LR,none,both,50,-0.45970470925843737,-0.45589456295775976,-0.003484616239777033,-0.2082988183436978,-0.25140589091473964,-0.4135175485721221,-0.04618717648958983,0.0,-0.06459206758633255,0.020261887090275457,-0.41007555066451,-0.003104561648398376,-0.045819032203890254,-0.0003800552361839243,0.0,0.0,-0.0027443106041684187,0.0,-0.003137655613823024,0.0003203556215228,-0.003692736141353148,-0.0034633957893023845,-0.0002293403520507651,-0.4098248124307688,1.5803274362823443e-08,0.3799741408729314,0.5103504070363247,0.1263427731051182,0.06047602439658684,0.31108239348370925,0.13642731979489325,0.0015838389161199258,0.3648010788941335,0.03616177633064403,0.014218999277861511,0.00028979069492044416,0.00013337471081238043,0.00414661022139696,0.0016172089974355042,0.03231252668311954,0.012749885240052217,0.0,0.0,0.0013214869337768195,0.0011963423022470334,0.03245889610604102,0.01247626284614087,0.008350656147675514
LR,none,both,100,-0.39229761572336647,-0.3881767091036847,-0.0038443713691692456,-0.18650780295099453,-0.20578981277237188,-0.35902792207752976,-0.03326968648664704,0.0,-0.047403155285406895,0.01581269636584275,-0.35525155614029835,-0.003438700401385829,-0.032925157353097007,-0.0003445291335500286,0.0,0.0,-0.002077486987374135,0.0,-0.003013185903577556,0.0008539808735117207,-0.0037117387493566683,-0.003481237431946389,-0.00023050131741028136,-0.3553161833281731,-7.159189605413376e-09,0.3928101347651995,0.510616380812829,0.10946994941485555,0.05208578797286017,0.32534461152882205,0.11927854411658788,-0.0012870937186692446,0.37217664906169234,0.03941230102718135,0.018960051966927245,0.00032699012173045627,0.00014390761057209029,0.00423610799392512,0.002265724401731276,0.03554120727692128,0.016834590050005305,0.0,0.0,0.0013280473703661535,0.0012022490989167486,0.03576182807033605,0.016637963633400185,0.00849337740165648
LR,none,rest,20,0.17569771984546895,0.17408772988179458,0.0016099899636744033,0.06212786778541781,0.1135698520600511,0.15286268427765085,0.0228350238307815,0.0,-0.014412027937128176,0.03897483489950909,0.15146217365304177,0.0014005106246090938,0.02262554436271507,0.00020947946806643171,0.0,0.0,0.00017226373659578453,0.0,0.00038554879787651897,-0.0002542612586489035,-0.0017114571721620919,-0.001601369400097867,-0.00011008777206422502,0.15192812082028143,1.1737036587248001e-08,0.16542800290640458,0.20971652545103667,0.1739071052922732,0.03382413463541316,0.07269777177944677,0.07979248393090588,0.000195420921152899,0.327431906614786,0.14777192103844697,0.24284573446574853,0.0013264734925408112,0.0022032962458539067,0.019213556013571595,0.031746236924350996,0.13185554350848,0.2126066726499721,0.0,0.0,0.008861743247577285,0.007645591571462127,0.13115190606406912,0.21405383235739564,0.009192527920276085
LR,none,rest,50,0.11723015914358238,0.1157492220776153,0.0014809370659670642,0.04421953114458715,0.07301062799899524,0.10300446839608429,0.014225680528737872,0.0,-0.016169675835962582,0.031061993546084316,0.10167996537543612,0.0013245030206481948,0.014069246014907593,0.00015643451383028214,0.0,0.0,-0.00018182667554673675,0.0,7.35275559560535e-05,-0.0002755169592366896,-0.0019356592218422587,-0.0018113833228696025,-0.0001242758989726567,0.10195789052011732,9.705559592896068e-09,0.17466321911311747,0.22290683013238005,0.12559128840984238,0.02602227320808591,0.08295911581338765,0.059839375414323694,-0.00016362827978031496,0.35810731935094753,0.21470871153397802,0.27715974777519614,0.002047628381865491,0.0028418226125588837,0.024533685720591402,0.03224393089057962,0.19265467231710923,0.2481896524859183,0.0,0.0,0.009972192346347601,0.00860608002474773,0.19222785648016585,0.24724710267022976,0.009817882582729118
LR,none,rest,100,0.13205002311764907,0.13018488866944905,0.0018651344482000125,0.05283904724136603,0.07921097587628306,0.11480777117322348,0.01724224511211299,0.0,-0.005138706151065132,0.022380951259328513,0.1131375262703664,0.0016702449028571313,0.01704735727002177,0.0001948878420912235,0.0,0.0,-1.656277630728101e-05,0.0,0.00028005045433804164,-0.0002966132174973494,-0.001945465012422866,-0.0018205722907915821,-0.00012489272163128387,0.11375671186815148,6.832312586485359e-09,0.1790632324783232,0.22626484180024678,0.11475059918358915,0.023985135650774547,0.08784802066885052,0.05169521559503537,-0.00025323951893519044,0.3635939141600841,0.2524846635157498,0.3227926169441202,0.0023854081440520913,0.003338339215352837,0.02707829851494894,0.03649044945622779,0.2277786340159551,0.28816341601795065,0.0,0.0,0.010019877636909287,0.008647141012486263,0.2273712934485899,0.28904540973554593,0.009805272325573778
SNA,l2,ALL,20,-0.16972530721083046,-0.16880388589835119,-0.0009214213124792684,-0.053029358346185405,-0.11669594886464503,-0.15020462677673505,-0.01990286391817112,0.00038219220635465136,-0.028530684500890486,0.007971211863567442,-0.14937981307726006,-0.0008410219002716967,-0.019813501160409624,-8.936275776149442e-05,0.00038894018216463293,-6.739237448972747e-06,-0.0013169869280879214,9.73185154208731e-06,-0.0007339921772712695,-0.0005829946991130178,0.0004982576537091841,0.0005072260514696378,-8.968397760453863e-06,-0.15329696082805694,-8.722278873104341e-09,0.7695925622237357,0.9068777064273232,0.07925983127794768,0.07527326759539153,0.32355263157894737,0.1858289091210616,-0.0034490210876653065,0.3533157894736842,0.31591078343496093,0.14439879579034356,0.0027018893632894587,0.001623586181740393,0.040893888935422125,0.02134512826434335,0.2816090862208,0.12666850963895704,4.9180724903393267e-05,0.00043094577522590725,0.017835062448679405,0.019164710355678044,0.2838434231523003,0.12738300372105035,0.008480169164521366
SNA,l2,ALL,50,-0.12944686256987434,-0.1293517520458885,-9.511052398585509e-05,-0.03306756580431197,-0.09637929676556235,-0.11812902258096887,-0.012343311511049098,0.0010210090851047455,-0.021865275393647247,0.008318930914854637,-0.11804084895466521,-8.81736263036735e-05,-0.012354354690491133,1.104317944203226e-05,0.0010375411176657477,-1.6677921222163402e-05,-0.0010461532441498251,2.8471483971147737e-05,-6.213631387524233e-05,-0.000977531696583725,0.0005438556094925311,0.000554268397400726,-1.041278790819509e-05,-0.12159897409112556,-6.394484305522532e-09,0.8226150030838815,1.0007598033704257,0.06497369201559769,0.06787131886733205,0.35792763157894747,0.1601522596258866,0.0005114704522451288,0.36413014873840777,0.31515948895559065,0.1837854993262844,0.002705465997850728,0.0025155840014102933,0.035761310511692034,0.023420956335982766,0.28465780965515447,0.16355591091764096,0.00012633229917245948,0.001147341384277205,0.020130235029164473,0.021608915424854366,0.2869837500222594,0.16471435519526353,0.008511369233034846
SNA,l2,ALL,100,-0.11904513576357513,-0.11889414125733716,7.442032851318608e-05,-0.02638155069225119,-0.09309196616579263,-0.11031856408729429,-0.010999224007100919,0.001959176328516227,-0.021711245452335614,0.01071202141651951,-0.11016639739954652,6.646125943697678e-05,-0.011067432810424029,4.3921363128747844e-05,0.001992231505128745,-3.336651114417215e-05,-0.0010197523797206146,5.687405263109239e-05,0.00017931651122913208,-0.0012796769282513575,0.0005456798755387966,0.0005561559154528199,-1.0476039914022372e-05,-0.11086424396283308,-6.2585027260862386e-09,0.8443812641344575,1.0344982990465668,0.06376391642972042,0.06795875800283331,0.36549342105263155,0.1491406513515272,0.00014568804910308452,0.36877756607964296,0.28794329842252137,0.17158778418141346,0.002676921510371214,0.0028180596870879524,0.03299866647606495,0.021547897052603026,0.2608442164306474,0.1535276024278681,0.0002459154208311388,0.002189441976273828,0.02022899752097171,0.021713758914315342,0.2629659826336075,0.1539012402419017,0.009131367666560739
SNA,l2,D_only,20,-0.031360288828295585,-0.03135418241999191,-8.997716925908419e-05,-0.013303924438268956,-0.018056364390026624,-0.029313909418593062,-0.0025697496598289255,0.000523370913643318,-0.017009451458812164,0.012637369540240674,-0.02930673589552358,-0.00012838555674967345,-0.002579623147215321,9.873487386397253e-06,0.0005321774378812695,-7.588454785640189e-06,-0.0004148722435060886,1.2567161716017366e-05,9.603245906959594e-06,-0.00033604131290492536,0.0018238813852649188,0.001858803815028138,-3.4922429763218436e-05,-0.03554565297501654,-1.0881090468547925e-09,0.6569380966408406,0.7812051526467516,0.08332471100412633,0.06702261021204152,0.27041288641495376,0.15641283934217912,-0.0021721052461603743,0.34765261337943876,0.04306745818179607,0.03638715015740375,0.00039036560462064743,0.0003330031034113888,0.005561464856000617,0.0054945802381310025,0.03866054484353735,0.03149422921815677,3.418529981474767e-06,0.00010584066012631397,0.0036246209327347252,0.004362109570633475,0.03872366605139117,0.031009517034553184,0.009066190340592493
SNA,l2,D_only,50,0.05611620213719032,0.05502273304058332,0.0010934690966069973,0.01032895786009784,0.051191431530608275,0.047273115372964684,0.008751864831507377,0.0012498929153058852,-0.005209698936004221,0.016204801974339048,0.04627943489403196,0.0009936804789327236,0.0086508562631733,0.00012190416860951568,0.0012720088966028992,-1.9114465532131443e-05,0.00029431227547752916,2.9536854064707865e-05,0.0009365882984954046,-0.000655777867302024,0.002029890460743645,0.0020695884233440823,-3.969796260043491e-05,0.046560698677643224,4.386238418992975e-09,0.7766830603554836,0.9470919616675976,0.06889020800424404,0.0658018663195246,0.3446983161916659,0.15718267469375932,-0.0013412554440728548,0.3553513513513514,0.038955725054738474,0.053671467336677325,0.00037640971082605814,0.0005953376197354182,0.004368453993377457,0.006451593187723101,0.03539747945985308,0.04805698625156471,1.057042353272135e-05,0.00025603978503125973,0.004097208441933474,0.004924049351397162,0.035847029154384265,0.047433743168267956,0.009850446805203769
SNA,l2,D_only,100,0.10228879355695479,0.10124986891428128,0.001083211687326308,0.011947001599411668,0.09841118879637292,0.08993027946965157,0.010095900439488667,0.002315330366693077,-0.008945094114147855,0.019040994567246974,0.08899153452052005,0.000956438350104092,0.00995712325400772,0.00016331768247251568,0.002359849698615449,-3.8595981109147143e-05,0.00019279022200298086,5.2211692726250316e-05,0.0011720435719396165,-0.0007957385662067943,0.002037903311056613,0.002077818977550575,-3.991566649396329e-05,0.08789237615859498,4.825151891780025e-09,0.8320795285693682,1.0142771241464608,0.06868598924139463,0.07310356416858169,0.36471922459070094,0.1571704102356034,0.0005952831017480707,0.36460444876888565,0.03296502314532083,0.053983072125725375,0.0003997728257672861,0.0006241913107039995,0.0039128702195998614,0.006198867640259528,0.02992065148218749,0.04835126271683616,2.478013125350553e-05,0.00047661575290352024,0.004117654812162569,0.004948262892098382,0.030110086894910126,0.04864259920003077,0.012015943179901865
SNA,l2,N_only,20,-0.23748172432005743,-0.23612000126286353,-0.0013617230571939254,-0.07416392126497591,-0.16331780305508153,-0.21177988456563676,-0.02597704725633402,0.0002789662086767633,-0.034980864393132506,0.009159190590355753,-0.2105492605243946,-0.0012306240412421744,-0.025853580999500036,-0.0001234662568339859,0.00028723722761340287,-8.203893821814212e-06,-0.0014491711441276965,5.152690072366837e-06,-0.0008946057467980847,-0.0005545653613408394,0.000480975599735727,0.00048067648392261474,2.9911581311208734e-07,-0.21145528556177842,-1.393336937967101e-08,0.8055946773854358,0.9670183542558608,0.07282423255513101,0.07267046388719614,0.34421987503828944,0.17914103695755249,-0.002998041597558055,0.3670212765957447,0.0698546115585549,0.024489595560578347,0.000558900475956953,0.00029440823475229797,0.008818152409699308,0.003868464931378041,0.06246990778175847,0.021692717495892046,1.1075491122529478e-05,6.448446755881885e-05,0.0031540844484422913,0.003542141585843186,0.062452801846444694,0.021774980145376377,0.008307491417291672
SNA,l2,N_only,50,-0.19948215887436446,-0.19854193628903966,-0.0007969057373298207,-0.04151886697863131,-0.1635938890143212,-0.184477003852178,-0.01739851249875853,0.0008479158899508992,-0.02952118303801779,0.008916158975974134,-0.18371706975022903,-0.0007599341019489601,-0.017329899143867636,-3.8566181610375376e-05,0.0008666692496829681,-2.0161415948924866e-05,-0.001084912593404639,1.99987394585254e-05,-0.0001537872279402466,-0.0009512795203419182,0.0005304755588358646,0.0005304671705921984,8.388243669162085e-09,-0.18803235914489896,-1.1649262764524e-08,0.8140733940206794,1.0061498055242286,0.059383821984105155,0.06062704763037987,0.36318016829412875,0.14593993462281632,0.0006544519064546225,0.36840425531914894,0.07272570556907607,0.028222393989526643,0.0005834438457570382,0.00043750247970149905,0.008017158888761389,0.004103324391471415,0.06593269016529209,0.025094173040495434,3.2774347792591e-05,0.00019100899885635784,0.003558043841982743,0.003990162345377643,0.06619401996454695,0.025524236085985908,0.008620740450489618
SNA,l2,N_only,100,-0.2116085597014324,-0.2107721575087825,-0.0005432705486616415,-0.044579184427138235,-0.16111344411091802,-0.1924524332588065,-0.02022503597727934,0.0017059301604932188,-0.030101893563639032,0.01016218810729565,-0.19158532399694897,-0.0005073113057085693,-0.020242804507681376,4.325277573910613e-06,0.001745984605515436,-4.0054445022217326e-05,-0.001232473836182808,4.296886871243132e-05,3.3902512499887345e-05,-0.00114578665137621,0.000532370262283113,0.0005323787318876559,-8.469604541484324e-09,-0.19276743997328377,-8.454263268792522e-09,0.8418670203219317,1.0439925833373223,0.06017442576677232,0.06455210256353856,0.36507895759280357,0.1417114406678559,-5.6117990717139564e-05,0.3717938322657369,0.06658082186185059,0.025349449296713563,0.0005507808047159893,0.0004809199695228017,0.00743123881224594,0.0034822607545526756,0.060277698690957164,0.022589829535604573,5.541654426348786e-05,0.0003899830406944756,0.003575368147948687,0.0040092684317053,0.06069794952765897,0.023124601698862844,0.009277899932266107
SNA,l2,both,20,-0.21245357251437996,-0.21053117889830286,-0.001922393616077077,-0.07649502582618804,-0.13595854668819185,-0.1938755500171104,-0.01893732880230428,0.0003593181130127093,-0.031059160537249397,0.012121831660361777,-0.19212332063277995,-0.0017522293843304365,-0.018774624807393357,-0.00016270399491092672,0.000366779263984423,-7.461150971713744e-06,-0.0011958489519399672,5.696460090380924e-06,-0.0011452461812146038,-3.203561834437409e-05,-0.0009210245622347243,-0.0008981118612491921,-5.321045206210151e-05,-0.19467304912350536,-1.1807977965647158e-08,0.7965374175767254,0.9293160261366898,0.07799163362884282,0.07224619553043952,0.34258302005012536,0.18177822842577795,-0.00014168341051236253,0.36217391304347823,0.017842321631928747,0.006650907624133052,0.00016619606645116092,6.507783111086802e-05,0.0021943330263897365,0.0011782557787116035,0.016003544325952496,0.005703484506079809,1.600189479637597e-06,1.951787532500831e-05,0.001351676037519521,0.0012059598711705436,0.01601271327445438,0.005740380862427949,0.009151363751349716
SNA,l2,both,50,-0.08766654334859203,-0.08689791895587287,-0.000895246597229852,-0.04322202059622608,-0.04444452275236595,-0.08068025536109431,-0.00790956297848597,0.0009232788313845186,-0.02221379086482043,0.014304227783824782,-0.07998580305847225,-0.000878826761188095,-0.007853783523955835,-5.577945453013493e-05,0.0009416721583878435,-1.8393327003325068e-05,-0.0006304507715689016,1.5328569608165427e-05,-0.00035901041894304583,-0.0002714403158976705,-0.0010465885146531185,-0.0010205845766962402,-6.008123901541694e-05,-0.08153577193166632,-3.840396230602907e-09,0.8501653839173473,1.022599820863633,0.06517727666891607,0.06662042855225057,0.40994282581453634,0.15646461532042735,0.00015837827062509715,0.364,0.01717644002907338,0.011197996430216843,0.0001657945102258389,0.00012299476289435437,0.0019844954810615168,0.0014343642158529501,0.015577601307056967,0.009982019136485833,5.050967674323547e-06,5.2708187095035615e-05,0.0015264626102155982,0.0013588547895264458,0.015604256620517265,0.009866396193257685,0.009560158458826754
SNA,l2,both,100,-0.08336861921046107,-0.08255506496318117,-0.0007747903071998397,-0.05531039815662275,-0.02805822105383833,-0.08038805612346778,-0.004668202330346763,0.0016876345368976966,-0.021496427330674545,0.023220500081221625,-0.07963496687936765,-0.0007233378437158831,-0.004644389072920643,-9.640304432838665e-06,0.0017242880332427228,-3.6653496345026396e-05,-0.0003394418934981147,2.4733496449423913e-05,0.00025995045902789794,-0.0005014321734270991,-0.0010535522206908802,-0.001027389565710726,-6.039229330098799e-05,-0.08124503645269496,4.70645577617582e-09,0.8660379907704074,1.0489765668491156,0.06812580589177016,0.06977532506175806,0.39827302631578954,0.17300482575183326,-0.0032571027247273046,0.368,0.01460682142151435,0.011426982604600209,0.00016938388914384536,0.00013487069162932276,0.001644463927281568,0.0013754045853576413,0.013315162057585476,0.010230128383099049,1.365075457311026e-05,9.64992277981975e-05,0.001534017122343875,0.0013654162312580595,0.01314548304224533,0.010168287328519583,0.011463287466753552
SNA,l2,rest,20,-0.18277974168461797,-0.1818311468530761,-0.000948594831541894,-0.05536927091170333,-0.128492893989891,-0.16294505923758237,-0.022777560847248628,0.00035147641292779437,-0.030690065155501486,0.006540939205138218,-0.16207435325086822,-0.0008707059867141336,-0.022696879111261975,-8.068173598666182e-05,0.00035725229631596765,-6.077584606824282e-06,-0.00154111894110305,1.0252142762369978e-05,-0.0007826420360571927,-0.0007448844576769309,0.001348439569224163,0.0013197367842145743,-6.775347364146533e-07,-0.16336836673640034,-9.125091460450275e-09,0.7831554793569999,0.9218654663195504,0.07971230911771558,0.07975083471323619,0.33046970662144765,0.19464858323781314,-0.004423265702862264,0.34881516587677724,0.17687866490645274,0.07586202476279602,0.0014956560206012095,0.0009268226580254697,0.023466458176439692,0.010894521343224842,0.15756525268346164,0.06704440037039004,3.353418507963653e-05,0.0002307877456519413,0.009749249898065518,0.010189970232712998,0.15872571467479388,0.06794092538233483,0.008461753909989274
SNA,l2,rest,50,-0.17839861074763042,-0.17821311040953955,-0.00018550033809089367,-0.04359695798410134,-0.13158918499896013,-0.1607516759675276,-0.018659686121472577,0.0009666494693336799,-0.026334880806644693,0.00558617120541062,-0.16057999683865484,-0.0001716791288727156,-0.018661499926797116,1.8138053245349629e-06,0.0009809474774055236,-1.4982532886930974e-05,-0.0015073096223472005,3.138579812170785e-05,-0.0002889671662006004,-0.0011699524250243785,0.0015004629181065603,0.0014682595094318025,-9.136197112879436e-07,-0.16241462827610323,-8.89224301565351e-09,0.826436899924032,1.0045497173415865,0.06542517749281952,0.0695837627831792,0.3480552210235264,0.16820639414176286,0.0016090670149310237,0.3646445497630332,0.1848835825622544,0.08663217946262511,0.001545837303463869,0.001376604602544256,0.021148071936554266,0.010866355629972894,0.16661693676230457,0.07785207263047815,7.905617838323509e-05,0.0006208574936800288,0.011001311675879859,0.011486709497255143,0.16781114531628302,0.07848401770412834,0.008291809868728378
SNA,l2,rest,100,-0.17553025376601727,-0.17519544950503096,1.2006800774294642e-05,-0.02896308442617982,-0.1327478106818504,-0.16051478015988488,-0.01691472181333687,0.0018992566760648326,-0.02473376965267781,0.007819047817978729,-0.16019989910908583,1.525179426902982e-07,-0.016923430775072676,4.313354346061651e-05,0.0019278882930104416,-2.997923565980554e-05,-0.0015279883031185007,6.573394422104359e-05,-4.065643455267814e-05,-0.0015057002844185022,0.0015071059404837583,0.0014747476614837545,-9.297056473618281e-07,-0.16202188610036866,-8.468860347802804e-09,0.8516454785185176,1.0419875302167747,0.06297138589120035,0.06682238633742951,0.36422502321047445,0.14822161305946324,0.000127266276055729,0.369260663507109,0.1756342496479299,0.08261775751664129,0.001516208759542343,0.0015216804084545738,0.02001009351693758,0.01086354240085899,0.15869028608713223,0.07336767812216193,0.0001450372214535235,0.0012045330755131422,0.011055128893644602,0.011542490493537207,0.16031223692492216,0.0745817693730512,0.008558875732936795
SNA,none,ALL,20,-0.13530400921686433,-0.1343973032194947,-0.0009067059973695952,-0.04933545955964794,-0.08412601733230807,-0.11381211192770006,-0.021054715528420836,0.0,-0.05388517609147722,0.0334750754594137,-0.11305549140968274,-0.0007566205180173023,-0.02090840275009393,-0.00014631277832690464,0.0,0.0,-0.001236918409085958,0.0,-0.0010181843681455415,-0.0002173634861380976,-0.00042869500549017926,-0.0004381474126759699,9.452407185790724e-06,-0.11507223868555141,-5.03459674263754e-09,0.7145682846872432,0.9138199454859685,0.07138275497838072,0.06440407702797336,0.26707236842105264,0.1530611018130654,-0.00039505709550882647,0.3452459275244085,0.43806840369340333,0.3048103617415559,0.0037840972906499366,0.002932424212324948,0.0613143460843156,0.040530434364773826,0.38322618667286595,0.2696497909277534,0.0,0.0,0.018513733550201306,0.017885349425347325,0.3841283093676693,0.27030864990640835,0.008564164019038804
SNA,none,ALL,50,-0.11981584680309137,-0.11922597964253995,-0.0005898671605513968,-0.042359101711934306,-0.07745674509115706,-0.1085769779458166,-0.01123885923409522,0.0,-0.05150114624630772,0.03983557702311874,-0.10803652556816268,-0.0005404523776539046,-0.011189445352906347,-4.941388118887509e-05,0.0,0.0,-0.0008478091500231374,0.0,-0.0005351368444527824,-0.00031267225931169316,-0.00048361908718730844,-0.0004942187865197348,1.0599699332428024e-05,-0.1080933588586293,-5.340517116726623e-09,0.7304095097592003,0.9373122968171771,0.056990654594019835,0.05099545591755917,0.2646381578947368,0.11651745846396999,0.00029855896375681235,0.3651234762837112,0.5156528291044655,0.3964268494619255,0.004540568213147037,0.0038274481210637053,0.056903530503439194,0.04557317641011552,0.4641639075883881,0.3555869296425715,0.0,0.0,0.020861852009301764,0.02015261341928294,0.464066882100765,0.35597352324213566,0.008651443330700169
SNA,none,ALL,100,-0.09497831286057215,-0.09471278247138229,-0.0002655303891898304,-0.029593585706453363,-0.06538472715411875,-0.08638726690396113,-0.008591052043228645,0.0,-0.05409477480192173,0.04614124802741916,-0.08612755111372547,-0.0002597157902356666,-0.008585237117848749,-1.3877902206267881e-05,0.0,0.0,-0.0006951066945608957,0.0,-0.0003666542774851843,-0.0004263896299861565,-0.00048587138535753334,-0.0004965236046173564,1.0652219259824307e-05,-0.08563797716790478,-4.746067136084241e-09,0.73444480494449,0.9449332106740854,0.05333756773095383,0.04770575648859928,0.2682236842105263,0.10356550379803306,-0.000535617030568813,0.3688340807174888,0.5097046076433525,0.4139324534106763,0.0046339376154508885,0.004184387201017479,0.05568753156725448,0.046254013504558565,0.4590116085051683,0.3720977161459721,0.0,0.0,0.020963348439577447,0.020250592490794035,0.459027320406632,0.37292671453256354,0.008659742504150813
SNA,none,D_only,20,0.30622345339502094,0.30391395691954426,0.002309496475476684,0.1092944628740313,0.19692899052098967,0.2668062959350005,0.03941713874626318,0.0,-0.018681510901015514,0.058098649641931295,0.26476543155631366,0.0020408643786868626,0.039148507724693596,0.00026863102156958035,0.0,0.0,0.0015286641653429536,0.0,0.0013212975445772103,0.000209060754712871,-0.0005042432405794441,-0.0005525062876301109,4.826304705066743e-05,0.26731053917558006,2.019833899957304e-08,0.5739960747566643,0.7835583829764032,0.07398396690277358,0.05491094120677074,0.13402245423340964,0.1311626914425239,-0.00018744550663434088,0.348568281938326,0.0458925782424235,0.11801745342707867,0.000391835471470442,0.0009405020278523136,0.0064564612813416055,0.015768447210374837,0.04039208920640345,0.10375364060311398,0.0,0.0,0.004474306963511287,0.004513111173497353,0.0405770427728221,0.10404360129749742,0.008378115926583402
SNA,none,D_only,50,0.443411047046134,0.4403873914611524,0.0030236555849814505,0.16629942000190293,0.27711162704423103,0.3943734399788567,0.04903756727356273,0.0,-0.021536586259024833,0.06857874729950249,0.3916612167217241,0.002712223257132527,0.04872613518335883,0.00031143209020391763,0.0,0.0,0.0019073439898222204,0.0,0.0016350316630178233,0.00029619697082383894,-0.0005624581406552005,-0.000617101838196759,5.46436975415576e-05,0.39569796724966205,3.090370012968274e-08,0.6084281478028349,0.8214960095343613,0.057987980713696985,0.04439307038134374,0.15696367276887868,0.10229949314206907,-0.0002149159376865393,0.3640689017137319,0.05435807150483276,0.16116275809308894,0.0005047748589851452,0.0012384671791943747,0.005976262105087849,0.017857283672765623,0.04907541433550402,0.14473276196122575,0.0,0.0,0.005049608704628256,0.005094191945719162,0.04888697896252259,0.14485695607394108,0.009200668438487082
SNA,none,D_only,100,0.46263148049152075,0.45963492753946034,0.0029965529520605207,0.17213458983849833,0.2904968906530224,0.41164121568052464,0.0509902111049175,0.0,-0.028353749071149122,0.07921964480065202,0.4089645989543119,0.002676616726212564,0.050670273277346356,0.0003199378275711624,0.0,0.0,0.0019690175532133865,0.0,0.0016670726961273035,0.0004955209109512816,-0.0005650470459917527,-0.0006199673446055663,5.4920298613811646e-05,0.41297263429225267,2.8496743191772853e-08,0.6242886209266377,0.8383307172322803,0.052598092240451824,0.03955585373086751,0.17177189515290206,0.09204505728334901,-0.00018209888871537536,0.36980434782608695,0.05733109475891008,0.16884060872091972,0.0005580524226503545,0.001285987389396484,0.006003959595343976,0.018377426242417103,0.051947652231976144,0.15181162153687194,0.0,0.0,0.005074667967993245,0.005119468439303001,0.05211148390052884,0.15228971149243184,0.010189820468199653
SNA,none,N_only,20,-0.48178960834281787,-0.478356943242788,-0.003432665100029768,-0.18451123274732514,-0.2972783755954927,-0.41223339141037246,-0.06955619565031546,0.0,-0.08914197712652946,0.019919643464721228,-0.4092907006624705,-0.002942690747901925,-0.06906622243291889,-0.0004899732173965594,0.0,0.0,-0.0034538643008515443,0.0,-0.0028004718998333664,-0.0004931326684321538,-0.0014094701196161522,-0.001351391885489349,-3.330122197542922e-05,-0.415043255634768,-2.5919370152357356e-08,0.8550234465873172,1.0504256951479098,0.07220144106448831,0.0752884254511943,0.3870434609250399,0.17956086706696894,-0.000986365168638593,0.34880434782608694,0.157775188238296,0.04396562314214285,0.0013267657260477887,0.00048601715948040544,0.02213561814497064,0.005593243257296833,0.1375967102082646,0.039511938203944566,0.0,0.0,0.004557815848299949,0.004264819037379498,0.13831583123550065,0.03955685769491127,0.008350061560592729
SNA,none,N_only,50,-0.6149427316248277,-0.6111098093540346,-0.0038329222707931456,-0.2277235072002536,-0.3872192244245742,-0.5473466918390999,-0.06712449135640965,0.0,-0.0897754292125665,0.022179410876187862,-0.5439263511390164,-0.003420340700083355,-0.06669287722039045,-0.0004125795920547464,0.0,0.0,-0.003366744378361943,0.0,-0.002363128585253591,-0.0007158169080511501,-0.001594977579901516,-0.001529408516246076,-3.758313502680322e-05,-0.5504969208364692,-2.675710360920252e-08,0.8321372348436759,1.0394479546614062,0.0584551534677261,0.05844205316967545,0.3671395664308993,0.13599419612889813,0.00026702096681892307,0.3656319290465632,0.1928493371611511,0.04769157857855177,0.0015658067724832923,0.0006540148658371579,0.021119082567784574,0.005710010086278414,0.17292337311898756,0.04290436299688476,0.0,0.0,0.005128949833214752,0.004800438388671785,0.1734253050033995,0.04265039256012406,0.008473479428308494
SNA,none,N_only,100,-0.6158345099580271,-0.611872716864524,-0.0036754144789200274,-0.21919463807225945,-0.39430417027762116,-0.5523508604000542,-0.06348361212424003,0.0,-0.09154813004855902,0.026738385717871672,-0.5487669934843039,-0.0033065491555496827,-0.06310568718122131,-0.000368866776465859,0.0,0.0,-0.0032409627480788164,0.0,-0.0021835410888998226,-0.0008415710280885398,-0.001603156879632991,-0.001537265598713341,-3.776388869514174e-05,-0.5506445212917102,-1.789258700565258e-08,0.8212977224037441,1.0267905771691825,0.05364529363741268,0.052897368534809426,0.35809444560016646,0.11675365674765181,-0.0007125660485986674,0.36888560372190093,0.1902545738261113,0.045375473988503084,0.001572685244686191,0.0007116916022986468,0.020694260763952806,0.005634384732496759,0.1712793877843659,0.040591378797965684,0.0,0.0,0.005153510057550349,0.004823594597547864,0.1711497920533489,0.040723209098191736,0.008396672730048628
SNA,none,both,20,-0.5727840648673082,-0.5681379903963824,-0.004646074470925939,-0.23274346690824954,-0.32388748059459826,-0.5015164582206213,-0.07126761731090443,0.0,-0.0815939200586498,0.01032630270181158,-0.4973982391461538,-0.004118219074467555,-0.07073976108867507,-0.0005278562222294047,0.0,0.0,-0.003686102879999317,0.0,-0.003682311415113398,0.0004992707783030467,-0.011293460889087472,-0.011098753266174845,-0.00019470762291262723,-0.49022299733153385,7.877241391095223e-09,0.7480219556735113,0.933883978260888,0.0817221520611873,0.07408721850086482,0.3381410256410256,0.16961058974266052,-0.0036723837435532073,0.36,0.005591470105577867,0.0014836605040952921,5.117755181058065e-05,1.2295630417372053e-05,0.0007855328695102499,0.00020669124693158282,0.004859271910723278,0.00128641339528449,0.0,0.0,0.00037221473622375253,0.00017955702099308642,0.004841950101492495,0.0013052289351258909,0.008066908028620225
SNA,none,both,50,-0.5938099454394359,-0.5889364327687966,-0.004873512670639212,-0.2616230679776942,-0.3277413622928226,-0.5317206902175088,-0.06208927982018323,0.0,-0.08388176330922313,0.02179248334769722,-0.527314131325785,-0.004406558891723728,-0.06162232913973356,-0.0004669506804496858,0.0,0.0,-0.0031179305622577504,0.0,-0.0032795295223140395,0.00021628628645460688,-0.012740952368077853,-0.012520626394869555,-0.0002203259732082842,-0.5189797378494311,-1.0644616178405185e-08,0.7403643098142412,0.941983629156042,0.06118207453535153,0.06421424964299569,0.3020833333333333,0.15762554538937715,0.0030960818263270928,0.379047619047619,0.006796921278963533,0.0019351554507000962,6.245999523487531e-05,1.9298644834443143e-05,0.0007151650234485233,0.00021451461193047888,0.006177632472674643,0.0017493092761517272,0.0,0.0,0.00042026916150815095,0.00020259159612687474,0.006145794165631749,0.0017618172988618222,0.008283927431351937
SNA,none,both,100,-0.5596049170128482,-0.5547993710454894,-0.004400856202226823,-0.20000703081067625,-0.31144905402592843,-0.5027030650157278,-0.05690176054355616,0.0,-0.0771999047572422,0.021582265621990435,-0.49835144519145813,-0.0039505092813333816,-0.05644782857532311,-0.00045033849976864487,0.0,0.0,-0.003115530812305927,0.0,-0.00301011908274975,-0.00010541152484729206,-0.012803686846547604,-0.012582233917695917,-0.00022145292885168775,-0.4963695933716423,-7.106994109424394e-08,0.8182339186851795,1.0165957258297846,0.05695532900453718,0.045113398072620235,0.3629807692307692,0.10510954017249438,0.00043598842771294026,0.37466666666666665,0.005947185708251519,0.0017896816469774503,5.986516817325824e-05,2.6042298658898003e-05,0.0006387960295011809,0.00019786720974741077,0.005369706424795325,0.0016255755188383425,0.0,0.0,0.00042236952327966924,0.00020359656909223856,0.005213113352273306,0.0016064884714228254,0.008637963753063792
SNA,none,rest,20,-0.13884936110927387,-0.13797646128869712,-0.0008728998205767486,-0.05030972244330852,-0.08950712028784763,-0.11768594055795333,-0.02210410686375457,0.0,-0.0524664485306575,0.03130303948393095,-0.1169459372867467,-0.0007400032712066559,-0.021960809596745207,-0.00014108960322232984,0.0,0.0,-0.0012662879717887056,0.0,-0.0009598690116288127,-0.00030641888035911556,0.00026618357741364486,0.0002512317299186405,1.2714737507690108e-05,-0.11763679145613845,-4.836688615789262e-09,0.7177676257207452,0.9203226190584803,0.07021973462695243,0.06520359273190332,0.26776092522029055,0.15167952567565662,0.00045890801967182814,0.34378850102669406,0.22086816041212687,0.1481287618550946,0.0019733021571300925,0.0015275799785893851,0.031144380120118637,0.019551779745527808,0.19272404251761038,0.13150729032013833,0.0,0.0,0.008997432830987546,0.008975019919811512,0.19272604426673884,0.13165930583500526,0.008796385240480863
SNA,none,rest,50,-0.17425284768889754,-0.17366637251271683,-0.0005864751761806851,-0.05185367944376764,-0.12122303743899943,-0.15603988427101304,-0.017897016819053632,0.0,-0.052308596228211546,0.03441157942458544,-0.15549825891871263,-0.0005416253523004127,-0.017824706736417388,-5.4772774712157534e-05,0.0,0.0,-0.0010512959925452713,0.0,-0.0005785531285554305,-0.0004418135401472368,0.00029444324118178356,0.0002777814931747846,1.4209859473429329e-05,-0.1572289058945971,-7.8889654038066e-09,0.7344703918787719,0.9398630425172391,0.055587174828642845,0.049661954254767805,0.2649946911963166,0.11491083663050945,0.0006569908083371954,0.3641733507430206,0.271173710675628,0.18245066167049015,0.0023697608266650748,0.0020673616232172783,0.029901139183646296,0.020915913425326345,0.24399305999158247,0.16400764387576014,0.0,0.0,0.010136408932667451,0.010111839389536857,0.2441467317206116,0.163461881641331,0.008663196433277733
SNA,none,rest,100,-0.14712245429167609,-0.14699835940556713,-0.00021884897706487638,-0.04124049214458849,-0.10588196214708756,-0.13259512842738921,-0.014527310297444921,0.0,-0.054507113093426894,0.0391436814413027,-0.1324784737784907,-0.00020300576005565958,-0.014519873826046205,-1.5842168609873878e-05,0.0,0.0,-0.0009984709068083695,0.0,-0.0003850104849675956,-0.000613460387763322,0.0002957555123949762,0.0002790159158405033,1.4270122138214424e-05,-0.13378940879063153,-1.0446625829695982e-08,0.7440545901565612,0.9534983081822168,0.05254418528601307,0.04791859643226533,0.27198482792398904,0.10458828410146881,-0.0005869023460636206,0.3679299691040165,0.273812158650794,0.198406787983409,0.002379075649537538,0.0022516864417182086,0.029683978544116578,0.022522936542471648,0.2464656659245811,0.17845859165314049,0.0,0.0,0.010185517433969568,0.01016095288489738,0.2466153493775934,0.1780109379753745,0.00862691167625259
