arm,iv,window,actual_mean_min,actual_mean_max,actual_down_share_min,actual_down_share_max,actual_W_min,actual_W_max,actual_b_min,actual_b_max,actual_star_min,actual_star_max,pos_mean_min,pos_mean_max,pos_down_share_min,pos_down_share_max,pos_W_min,pos_W_max,pos_b_min,pos_b_max,pos_star_min,pos_star_max,neg_mean_min,neg_mean_max,neg_down_share_min,neg_down_share_max,neg_W_min,neg_W_max,neg_b_min,neg_b_max,neg_star_min,neg_star_max,l2_mean_min,l2_mean_max,l2_down_share_min,l2_down_share_max,l2_W_min,l2_W_max,l2_b_min,l2_b_max,l2_star_min,l2_star_max,pre_mean_min,pre_mean_max,pre_down_share_min,pre_down_share_max,pre_W_min,pre_W_max,pre_b_min,pre_b_max,pre_star_min,pre_star_max,current_mean_min,current_mean_max,current_down_share_min,current_down_share_max,current_W_min,current_W_max,current_b_min,current_b_max,current_star_min,current_star_max,current_l2_mean_min,current_l2_mean_max,current_l2_down_share_min,current_l2_down_share_max,current_l2_W_min,current_l2_W_max,current_l2_b_min,current_l2_b_max,current_l2_star_min,current_l2_star_max,history_mean_min,history_mean_max,history_down_share_min,history_down_share_max,history_W_min,history_W_max,history_b_min,history_b_max,history_star_min,history_star_max,current_pos_mean_min,current_pos_mean_max,current_pos_down_share_min,current_pos_down_share_max,current_pos_W_min,current_pos_W_max,current_pos_b_min,current_pos_b_max,current_pos_star_min,current_pos_star_max,current_neg_mean_min,current_neg_mean_max,current_neg_down_share_min,current_neg_down_share_max,current_neg_W_min,current_neg_W_max,current_neg_b_min,current_neg_b_max,current_neg_star_min,current_neg_star_max,sgd_CE_mean_min,sgd_CE_mean_max,sgd_CE_down_share_min,sgd_CE_down_share_max,sgd_CE_W_min,sgd_CE_W_max,sgd_CE_b_min,sgd_CE_b_max,sgd_CE_star_min,sgd_CE_star_max,sgd_L2_mean_min,sgd_L2_mean_max,sgd_L2_down_share_min,sgd_L2_down_share_max,sgd_L2_W_min,sgd_L2_W_max,sgd_L2_b_min,sgd_L2_b_max,sgd_L2_star_min,sgd_L2_star_max,down_mass_min,down_mass_max,alignment_min,alignment_max,actual_down_W_share_min,actual_down_W_share_max,actual_down_b_share_min,actual_down_b_share_max,positive_local_min,positive_local_max,positive_upstream_min,positive_upstream_max,positive_gate_min,positive_gate_max,positive_actual_min,positive_actual_max,positive_current_min,positive_current_max,positive_own_min,positive_own_max,positive_others_min,positive_others_max,positive_localup_fraction_min,positive_localup_fraction_max,positive_actualdown_fraction_min,positive_actualdown_fraction_max,positive_up_actualdown_fraction_min,positive_up_actualdown_fraction_max,negative_local_min,negative_local_max,negative_upstream_min,negative_upstream_max,negative_gate_min,negative_gate_max,negative_actual_min,negative_actual_max,negative_current_min,negative_current_max,negative_own_min,negative_own_max,negative_others_min,negative_others_max,negative_localup_fraction_min,negative_localup_fraction_max,negative_actualdown_fraction_min,negative_actualdown_fraction_max,negative_up_actualdown_fraction_min,negative_up_actualdown_fraction_max,positive_fraction_min,positive_fraction_max,fixed_positive_actual_min,fixed_positive_actual_max,fixed_positive_pos_min,fixed_positive_pos_max,fixed_positive_neg_min,fixed_positive_neg_max,fixed_positive_l2_min,fixed_positive_l2_max,fixed_positive_pre_min,fixed_positive_pre_max,fixed_positive_rounding_min,fixed_positive_rounding_max,fixed_negative_actual_min,fixed_negative_actual_max,fixed_negative_pos_min,fixed_negative_pos_max,fixed_negative_neg_min,fixed_negative_neg_max,fixed_negative_l2_min,fixed_negative_l2_max,fixed_negative_pre_min,fixed_negative_pre_max,fixed_negative_rounding_min,fixed_negative_rounding_max
LR,l2,1-1,-0.009710711627198887,-0.007033642026041342,1.0,1.0,-0.00963933987346243,-0.00697306941092247,-7.137175373645731e-05,-6.057261511887191e-05,-0.0038154530203792702,-0.0026036526712325536,-0.009841666716038457,-0.008130708417721016,0.8864654421436807,0.908166549768264,-0.009776955808917527,-0.008073208026082343,-6.471090712092969e-05,-5.750039163867404e-05,-0.0038082917725732086,-0.0029897665471611207,0.0001978078262648301,0.0011396096519312958,0.06743866501494881,0.09961683089088552,0.00019624506012848292,0.0011334372463800073,1.5627661363472683e-06,6.172405551288562e-06,8.008282464056007e-05,0.00044726138353899084,2.5603170440732883e-05,2.6804542853883457e-05,-0.0007587867141741274,-0.0006012022235460855,2.6076006197075634e-05,2.7368776325673142e-05,-5.642334717896779e-07,-4.728357563427501e-07,2.52865927114419e-05,2.584576157827897e-05,-9.36567298811186e-05,-2.391111696041375e-05,0.014577070813743065,0.03223178342196431,-8.599736570393401e-05,-1.9844491174467203e-05,-8.771846875617818e-06,-4.066625785946536e-06,-0.00011308962106730941,9.066820697244568e-06,-0.009643858895955485,-0.006991098767765454,0.968369352405684,0.9860822733235578,-0.009580710755011424,-0.0069397707827741255,-6.314814094406061e-05,-5.1327984991328225e-05,-0.0037282089495795784,-0.0025425051623137558,2.5603170440732883e-05,2.6804542853883457e-05,-0.0007587867141741274,-0.0006012022235460855,2.6076006197075634e-05,2.7368776325673142e-05,-5.642334717896779e-07,-4.728357563427501e-07,2.52865927114419e-05,2.584576157827897e-05,-9.365672988111857e-05,-2.391111696041375e-05,0.014577070813743065,0.03223178342196431,-8.599736570393401e-05,-1.984449117446716e-05,-8.77184687561782e-06,-4.066625785946534e-06,-0.0001130896210673094,9.066820697244563e-06,-0.009841666716038457,-0.008130708417721016,0.8864654421436807,0.908166549768264,-0.009776955808917527,-0.008073208026082343,-6.471090712092969e-05,-5.750039163867404e-05,-0.0038082917725732086,-0.0029897665471611207,0.0001978078262648301,0.0011396096519312958,0.06743866501494881,0.09961683089088552,0.00019624506012848292,0.0011334372463800073,1.5627661363472683e-06,6.172405551288562e-06,8.008282464056007e-05,0.00044726138353899084,-0.0004689525770528419,-0.00039412685396814404,0.04409585003506558,0.046680267876552065,-0.00045666603176780626,-0.00038265096280138837,-1.2286545285035574e-05,-1.1447120555720176e-05,-0.000182240760390192,-0.00014637837839181106,1.4941086719830077e-07,1.7824065549597658e-07,-1.8764137513082687e-06,8.042280145527382e-07,2.2231990478887068e-07,2.6408108397368293e-07,-8.584042847770634e-08,-7.290903759056988e-08,1.4295068761937802e-07,1.707041671073008e-07,0.018449766518013104,0.020645204575276153,-0.005895258606819616,-0.004429989354808789,0.9927292633804013,0.9931844378483505,0.006815562151649399,0.007270736619598582,-0.039011641255933094,-0.03561367471423089,-0.039011641255933094,-0.03561367471423089,1.0,1.0,-0.023570564557276567,-0.017910553276843415,-0.02308501716992331,-0.01789399973986667,-0.004651907865718747,-0.0033338183634753237,-0.018433109304204567,-0.014560181376391344,0.42874595095935153,0.44558055363254273,0.5987914790287784,0.6295670934234526,0.3553240705134354,0.37758119484763436,0.0007471922985651828,0.0015337860507913287,0.007471922825842156,0.015337860264781029,0.10000001028921075,0.10000001078712133,-0.00408733832104761,-0.001744699504070513,-0.004199984461784953,-0.0016929307938718854,5.271812331481367e-05,0.00027902193130903576,-0.004252702585099767,-0.001971952725180921,0.4820876873588483,0.5109162772499504,0.48181345568247913,0.5227744527375644,0.3419824097631966,0.3843067467443072,0.332375,0.34690625,-0.019924119702920465,-0.01619121188209873,-0.019624995755179297,-0.016596541948690025,0.00010509154406280917,0.0004194802697170619,-8.723528981315874e-06,-6.995982553696237e-06,-0.0003962705238999993,4.420073778821671e-05,-1.2871529479306652e-09,-1.0355194736569945e-09,-0.004724994410388394,-0.002086793190120545,-0.005051999118821441,-0.0035394920177341527,0.00023820770143864143,0.0015050804357305402,4.316447277813875e-05,4.4247896192797495e-05,-9.618628782618891e-05,4.454933305000037e-05,-2.394894166110265e-10,-5.521464923272252e-11
LR,l2,1-20,-0.23779884222031766,-0.1972914322933399,1.0,1.0,-0.23627642142939992,-0.19592898428407518,-0.0015224207909177493,-0.0011553698131629062,-0.08813320797581459,-0.06500802842340875,-0.23969134025535377,-0.1983930783481214,0.9266996941030143,0.9294034536840357,-0.23822921722292842,-0.19707798315521832,-0.0014621230324253465,-0.001163522051720056,-0.09070528000996811,-0.06971806281385079,-0.0020446802948266597,0.005760341027169863,0.07261951876127973,0.07739454206708263,-0.002073767956561764,0.005652622334185028,2.9087661735104627e-05,0.00010771869298483513,0.00015540976096753987,0.003427528320251106,0.0037248068420707102,0.003965695890380557,-0.005102957740880991,-0.004846024917077819,0.00378709227533564,0.0040319566190833616,-6.626072870280523e-05,-5.528847421917666e-05,0.0033004994570601776,0.0034213918950499406,-0.0008482331905395182,-0.0003060334648618876,0.0009892191494570623,0.0032496600519121227,-0.0007806468318219626,-0.00026875250181439763,-7.70313182961834e-05,-3.728096304749035e-05,-0.0010047377005306297,4.026782678127339e-05,-0.02669997746253583,-0.018325687554045424,0.19219104749364396,0.20059059574845234,-0.02657192140597231,-0.01823856158931721,-0.00012805605656351598,-8.14472087260383e-05,-0.009886042511471923,-0.005860652035409013,0.0006478396968090524,0.0006924362048772218,-0.0009651027952449116,-0.0009277187635873074,0.0006581373490098104,0.0007033832108715263,-1.0947005994304512e-05,-9.130986887938343e-06,0.0005553088914097402,0.0005795543088438258,-0.21179129462287963,-0.17606882362116058,0.8003370918800892,0.8087710919326885,-0.2104078768601449,-0.17500519888650054,-0.0013834177627347383,-0.0010636247346600476,-0.07882671711279968,-0.058383845022185965,-0.025554976914932907,-0.0169830333330191,0.17176505579565715,0.18058810592206678,-0.02542377693198673,-0.016897422428781266,-0.0001311999829461791,-8.561090423783382e-05,-0.0095539904319413,-0.005599880755877471,-0.0013426542360765901,-0.00020604628559441467,0.020002489800236386,0.020425991689395018,-0.001341139173193938,-0.00021401277702146117,-1.5150628826518708e-06,7.966491427046512e-06,-0.0003320520757550168,0.00011687412227637026,-0.0014526206176257415,-0.0011253245659371468,0.009330586632241424,0.009902926192412209,-0.0014197169868323048,-0.0010960302374848384,-3.29036307934366e-05,-2.6578859642894712e-05,-0.0005338261053094715,-0.0003880056604035775,7.754484353291692e-06,8.694618822866097e-06,-1.3624245116470497e-05,-1.2336443349590156e-05,9.425501177851905e-06,1.0286609280169553e-05,-1.6880218808064039e-06,-1.4188258535823656e-06,4.611648235826268e-06,4.991881173905559e-06,0.4643971185728867,0.49880328278908764,-0.1496656342445031,-0.13091797070167285,0.992533854263313,0.992887551548964,0.007112448451036063,0.007466145736687117,-0.00610494608469939,-0.004963086437266754,-0.00610494608469939,-0.004963086437266754,1.0,1.0,-0.003918043475748986,-0.0014404349656625451,-0.005216611994269707,-0.00421431776041514,-0.0006623505317660637,-0.00038370789524733905,-0.0045542614625036434,-0.0038306098651678007,0.49683249843028365,0.5037847747762741,0.5011574683239087,0.5135040047047295,0.33306809173977514,0.34729273631894586,7.735225904118961e-05,0.00012572423227556992,0.0007735225759052921,0.0012572422871546455,0.1000000132746403,0.1000000140656963,-0.014880554558199735,-0.01305994624261576,0.00013887250944812361,0.00043637067848619935,-7.366562376672996e-06,4.88342371903688e-06,0.00014623907182479665,0.0004314872547671625,0.4735780941325423,0.47693437999863136,0.6194343577998469,0.6399985552974707,0.538266127817612,0.555155038827943,0.28870625,0.298975,-0.46502696303559443,-0.4219736363374813,-0.46521964245631275,-0.42091599707338706,-0.004435761810084231,0.0033061603060347915,0.0003253657668417013,0.00037272894428998395,-0.003486253460351004,0.0002993289701875969,3.789656139955297e-08,4.6127166180124025e-08,-0.12567327411910698,-0.07140701316742426,-0.12783376882497804,-0.07506069168049925,-0.00397534197253607,0.009690083867687844,0.005424423543768925,0.0057761882010288436,-0.0009195961020966665,0.0003596369981402006,6.5699553810383015e-09,1.147923809470089e-08
LR,l2,11-20,-0.08591145700418297,-0.04247962898918217,1.0,1.0,-0.08556962637997008,-0.0423077756635505,-0.0003827837854751124,-0.0001718533256316732,-0.029821309635781244,-0.011859142122428903,-0.079995353431727,-0.032718543395482205,0.9230153047485172,0.9312775046303143,-0.07971003004939704,-0.032642001088103084,-0.00031737506084517905,-7.654230737912382e-05,-0.0286924141025366,-0.010143542733392946,-0.012192523609519458,-0.008381374292257217,0.07671207948574903,0.08612967541318478,-0.012153381394496034,-0.008375531966727261,-3.914221502342398e-05,-4.773042743319877e-06,-0.003726291021466642,-0.002422561192225047,0.0025678308745004062,0.0027547595279300173,-0.009605584883242578,-0.007980203759378284,0.002608551381969383,0.0027980610552310993,-4.330152730108192e-05,-3.605504536532202e-05,0.002218747133994268,0.0023090564349863346,-0.0002179528498860676,-0.0001025757301319164,-0.00019072753402989286,0.00046068989403369844,-0.00020061843212682202,-9.263121214213567e-05,-2.011400669184778e-05,-9.944517989780646e-06,-0.00025967378165917346,1.1785394363401794e-06,0.001322483099634242,0.009875949362608915,0.11745072919462991,0.12009472395530338,0.0012581622748077733,0.009757382648649147,6.432082482646794e-05,0.00011856671395976814,0.0008422084685177515,0.003994447137564786,0.0003592591573119197,0.0003869809226668768,-0.0015098636188374895,-0.0012622818031404629,0.0003643462921013524,0.00039238737317500024,-5.406450508123437e-06,-4.494990698873639e-06,0.00029036074024577855,0.0003058246727762299,-0.0875931971328893,-0.052720305037329905,0.881167529491913,0.8839488851768531,-0.08719213282755414,-0.05243437989202644,-0.0004420090953488998,-0.0002859251453034671,-0.03132009874400882,-0.016143949792896677,0.0036858409783988326,0.01248801029518301,0.09861783506830268,0.10284847587968309,0.0036109890877560925,0.012358937703226033,7.48518906427403e-05,0.00012907259195697667,0.0016297747883916645,0.00487565305034057,-0.0026120609452761944,-0.0023633578930832813,0.017246248063551222,0.019543084502512433,-0.0026015550661337844,-0.0023528268276227847,-1.0531065460496676e-05,-1.0259126805294192e-05,-0.0008812059166001853,-0.0007875663242362444,0.0001293799691129228,0.000583557862030479,0.0053193561673193866,0.005821253887548271,0.00011875425445849976,0.000563883403967119,1.0625714654423065e-05,1.9674458063359963e-05,6.862896789208622e-05,0.0002310767880022957,5.009111917363791e-06,5.691584932459307e-06,-2.5027937519889107e-05,-2.0774338258326173e-05,5.8460960312971785e-06,6.478670363057004e-06,-8.369841139333874e-07,-7.001517963857969e-07,2.726232169395559e-06,2.996224900240155e-06,0.1785981830934979,0.2071746729322114,-0.05838345942314632,-0.030620486866753265,0.9928248743235649,0.9934118652988257,0.006588134701174325,0.007175125676435098,0.004407679443719859,0.00793357553721118,0.004407679443719859,0.00793357553721118,1.0,1.0,0.004272764129355127,0.013810054768069532,-0.0017435638693287779,0.0008307972925063313,0.00023409793625161715,0.0007225694699486718,-0.0019776618055803953,0.00010822782255765937,0.5270338272993994,0.5400586316546678,0.4166003469494929,0.4664541440808673,0.273496468607325,0.318243631225538,-0.0002620431796463207,-0.00023416777097297776,-0.0026204317486894805,-0.0023416776855646653,0.10000001352667717,0.10000001481361676,-0.013651089340359357,-0.010985398368064142,0.0008927847396598984,0.0011842497047022896,-4.830849131005818e-05,-4.302719594562464e-05,0.0009410932309699566,0.0012325062137954993,0.4676298052100466,0.47138915381949476,0.6475087502812042,0.6657839958996917,0.5703092773516132,0.5880005971469981,0.27531875,0.286725,-0.15183432796739396,-0.09246372569058683,-0.14721562903702495,-0.08528601059012499,-0.0075826553953467655,-0.0018621524712877137,0.00045868626154126155,0.00048621233503981585,-0.0008888346555205283,6.0957749353273707e-05,3.428255810662469e-08,4.008710961901266e-08,-0.06025846246885828,-0.015344794229003565,-0.05069823186067499,-0.00437859591516947,-0.014489202158517187,-0.009783078108717067,0.0036287411412585556,0.0038992799519813213,-0.00025506196032836376,9.022057236549662e-05,5.818699840076325e-09,1.0448822617767657e-08
LR,l2,2-5,-0.06474240143326405,-0.045568912940224963,1.0,1.0,-0.06425022499102798,-0.04520920504694875,-0.0005007333066614592,-0.00035970789327620877,-0.024575376232832586,-0.015478162584599733,-0.069602185456149,-0.05212006260020998,0.9169462678473614,0.9293813643248298,-0.06910472448099853,-0.05173465254268348,-0.0005068531277303125,-0.00038541005752650785,-0.02643921567780108,-0.01840591584645409,0.004827221592094208,0.006598447681803123,0.06392586557329724,0.08236532362114711,0.004791121716992007,0.006559730370308717,3.60998751022001e-05,4.494231875250923e-05,0.0019005930745383808,0.0027056430440839828,0.00031789433720445364,0.00033656075387361237,-0.0015808202689025605,-0.0013025307027998152,0.00032359239072216967,0.00034335132903658036,-6.790575162967999e-06,-5.698053517716021e-06,0.0003096705483854885,0.0003187330147361978,-0.000303997007683762,-8.869870362510948e-05,0.0020896447830165564,0.00799527728047868,-0.0002799722314598978,-7.58290843278257e-05,-2.6899454152529204e-05,-1.2869619297283789e-05,-0.00035548610536547174,2.163176705224604e-05,-0.016865525547679176,-0.006524887286399247,0.26246398474511107,0.2786278637437389,-0.01674096884208031,-0.006476591407336828,-0.00012455670559886127,-4.829587906242e-05,-0.005881233345212655,-0.0020095521697282475,0.00010745432051701388,0.00011469392215885653,-0.0005813491854992159,-0.00048091007578095955,0.00010932718815642899,0.00011692586094077842,-2.2319387819219066e-06,-1.8728676394151187e-06,0.00010292853957694793,0.0001065001846853728,-0.05144968422903691,-0.039154836767937226,0.7219534507137333,0.7380542550929785,-0.051057148034242196,-0.038845519944467624,-0.0003925361947947156,-0.0003093168234696001,-0.019748096027408606,-0.013573650898680248,-0.0179090574411455,-0.008531300376350723,0.2429384141340864,0.2550983404213977,-0.01777791703873369,-0.008468952103149883,-0.00013114040241181415,-6.234827320083898e-05,-0.006333279755898237,-0.0028336131603663816,0.0010435318896744395,0.002006413096266679,0.01952557064795949,0.023529523257646203,0.0010369481934105235,0.0019923607023816783,6.583696263916174e-06,1.4052393885000737e-05,0.0004520464089871758,0.0008240609942652625,-0.0010001523572764034,-0.0005523340257117583,0.013694319641828528,0.014512637252423261,-0.0009712042075405979,-0.0005362129884978915,-2.8948149735805597e-05,-1.6121037213866656e-05,-0.00036171012871082716,-0.00018915061380349736,8.180565763697907e-07,9.321425555448785e-07,-3.838687488338059e-06,-2.1163637658096203e-06,1.1078693038109457e-06,1.264934558788775e-06,-3.417416987415769e-07,-2.8981272744115484e-07,6.51072948065152e-07,7.560550639028662e-07,0.11399182565759913,0.12878439528577224,-0.040167025200431465,-0.03009075035562523,0.9925473718624881,0.9928689991062993,0.0071310008937005825,0.007452628137511868,-0.023921643449437736,-0.014499649901379027,-0.023921643449437736,-0.014499649901379027,1.0,1.0,-0.020075283264380937,-0.010146836750688755,-0.01044993518668728,-0.005151589117044175,-0.001947502324453065,-0.000860274360937917,-0.008502432862234217,-0.004291314756106258,0.454106704905754,0.4688192850280439,0.5396444066495385,0.5926484989629354,0.3589598911301203,0.4234337174644975,0.0006615404581908833,0.0008516376825981669,0.0066154044572876965,0.008516376660818215,0.10000000921676362,0.1000000108100976,-0.01451545077858701,-0.011294576786981921,-0.0015189721682647452,-8.79283837955596e-06,6.885708245059637e-05,0.00012444430502145696,-0.0015878292507153415,-0.00013323714340101288,0.48447053789255945,0.48971623584440305,0.5493739203937749,0.5764371985705651,0.45258327413829863,0.48161720341574965,0.31217968749999997,0.323078125,-0.1416010870247352,-0.10568210635717006,-0.14300642656671772,-0.10782928765667472,0.0015137652261442776,0.0020869935543000014,-8.023360966572882e-05,-6.150979254307054e-05,-0.0012429289674197293,0.00012169932520579715,-3.0341152049754115e-09,-1.7874580645537918e-09,-0.026555221144037834,-0.01334558398078169,-0.03339027075868363,-0.022033535279110283,0.0061690781885263505,0.00910764959880878,0.0005243966498841134,0.0005408422361444736,-0.0003081455088154051,0.00012512978753946767,-5.97564492403441e-10,-2.058062874226253e-11
LR,l2,6-10,-0.08593284799297148,-0.056930719804791675,1.0,1.0,-0.08524768023128912,-0.056541887264529446,-0.0006851677616823509,-0.0003888325402622286,-0.030013695321707896,-0.018890278251724908,-0.08894824165182103,-0.06491228910450204,0.9440603293989133,0.9458237376970363,-0.08827404228566606,-0.06448385390482755,-0.0006741993661549729,-0.0004284351996744746,-0.031887189451109674,-0.02268635443913624,0.0024097859809583803,0.007269159067240426,0.05771698752823479,0.059339269828651856,0.002386445821245547,0.0072044907059114595,2.3340159712833172e-05,6.466836132896622e-05,0.001350550364214569,0.0030387248215512108,0.0008032552354367655,0.0008475710657230432,-0.0037293685894299587,-0.0034638337269437165,0.0008172237078798722,0.0008631754584900089,-1.560439276696563e-05,-1.306253957979587e-05,0.0007434884918242921,0.0007677566837491296,-0.00023262660308856993,-9.08479141444486e-05,-7.686140059268432e-05,0.00031859889729391226,-0.00021405880253130895,-8.044771416996923e-05,-2.1246010576188586e-05,-1.0400199974479393e-05,-0.0002764881924386748,8.390699595442925e-06,-0.007785318606062125,-0.004345012601209714,0.11941496171778795,0.15970819420634155,-0.007748249525688383,-0.0043152046131119184,-3.70690803737401e-05,-2.9807988097794698e-05,-0.00286820670817426,-0.001431360665447387,0.00015147912985226367,0.00016395681719760496,-0.0008191664061341262,-0.0007761452585379697,0.00015406542850886017,0.00016670120043007445,-2.74438323246949e-06,-2.2902927933068342e-06,0.00013566495856803663,0.00014138368980394405,-0.08174487556642586,-0.049296878603373666,0.8410774352765571,0.8813611604040551,-0.08109180614356173,-0.04894770162330432,-0.0006530694228641281,-0.0003491769800693452,-0.028719067128635645,-0.01615773579324848,-0.007376078209455056,-0.0034312777693355926,0.10667465705121089,0.14656445276266936,-0.007338514304462152,-0.0034052350671912694,-3.756390499290399e-05,-2.6042702144322298e-05,-0.0027275968903543953,-0.001152487503158683,-0.0009137348324061306,-0.00040924039318068067,0.011770874812506453,0.01314374142203344,-0.0009099695468506846,-0.00040973521774990653,-3.765285555445993e-06,4.948245692259755e-07,-0.00027887316171712863,-0.00014060981708432574,-0.00047823674578641347,-0.0003146032167230783,0.006065832397890223,0.008062738364135884,-0.00046860032925868255,-0.00030605847110997135,-9.636416527730944e-06,-8.544745613106897e-06,-0.00017031324374884547,-0.00010880395622317411,1.6439389203847268e-06,1.9039072316582399e-06,-1.0564691076907027e-05,-8.788599774330117e-06,2.06739456003846e-06,2.3033306767613983e-06,-4.234556396537332e-07,-3.5595229216484395e-07,1.0913924307461788e-06,1.1498586030295679e-06,0.13447193073825664,0.14681923895867838,-0.055919152671263586,-0.03804044155306676,0.9921013549843417,0.9923245752271684,0.007675424772831623,0.007898645015658252,-0.006596923552156947,-0.006113541554734483,-0.006596923552156947,-0.006113541554734483,1.0,1.0,-0.00996082634527056,-0.0003413137679667809,-0.006399473595009306,-0.004543938944762094,-0.0006750695871890292,-0.00028811156580314085,-0.005724404007820276,-0.004255827378958953,0.48362537716520954,0.4905426843702713,0.5102585877849355,0.5572612303749545,0.33716632688888837,0.38981231102413216,5.4025613574336994e-05,0.0001373633120654706,0.0005402561198785908,0.0013736330928824365,0.1000000123551126,0.10000001392192726,-0.019701924248284666,-0.015891533375770456,0.00022592652415779428,0.00057757034571505,-3.0675510318505315e-05,-1.9305154983043257e-05,0.0002550302640129555,0.0006082458560335553,0.47203103583044187,0.47442119998408766,0.6203090954170988,0.6588687909872155,0.5473024837122564,0.5855033345011403,0.28533125,0.30144375,-0.18425248630313693,-0.14703115167219252,-0.18535636273968006,-0.14804670563482494,0.0009805427342554716,0.0031579349731739184,-5.2692307554998806e-05,-3.548550785165508e-05,-0.0009582193135107477,7.247115784030896e-05,6.4369808311390674e-09,1.0361324714017441e-08,-0.03459716867520696,-0.010302021302134588,-0.038693267086797975,-0.021836064740666166,0.002840006247020909,0.010477863173751654,0.0012281212798481175,0.0012918181167102514,-0.00026020234512670853,9.973730518523721e-05,1.0113255863152653e-09,1.8502283621116367e-09
LR,none,1-1,0.0005680432499945133,0.002573545649859811,1.0,1.0,0.0005790325945860212,0.002570337628888596,-1.0989344591507688e-05,3.208020971214864e-06,-8.398335087501048e-05,0.0010531806866573364,-0.00552621464821414,-0.004313583504272447,0.7127171243033963,0.7415946774283899,-0.0054885562201877095,-0.004281911399567408,-3.765842802643046e-05,-3.167210470503856e-05,-0.002138882985135042,-0.0015976859317151121,0.005345242600050121,0.007320042677345479,0.22329699638770154,0.2553378566469985,0.005311621076330373,0.007275622504731846,3.362152371974772e-05,4.4420172613631415e-05,0.0019436606119937207,0.0027217947472271023,0.0,0.0,0.0,0.0,0.0,0.0,0.0,0.0,0.0,0.0,-0.00048652576173429426,0.00023609333495454264,0.018628856186453085,0.03695911308489659,-0.00047017360039554735,0.00023654853232268035,-1.6352161338746933e-05,-4.551973681377121e-07,-0.0004725869152671624,0.000217042513239839,0.0010316591023628943,0.002337452816277984,0.9630408642593429,0.9813710531333347,0.0010297096828321534,0.002333789540977555,1.949419530740534e-06,6.761744313310076e-06,0.00034597468198810475,0.0008361384732485551,0.0,0.0,0.0,0.0,0.0,0.0,0.0,0.0,0.0,0.0,-0.00048652576173429426,0.00023609333495454264,0.018628856186453085,0.03695911308489659,-0.00047017360039554735,0.00023654853232268035,-1.635216133874693e-05,-4.551973681377107e-07,-0.0004725869152671624,0.000217042513239839,-0.00552621464821414,-0.004313583504272447,0.7127171243033963,0.7415946774283899,-0.0054885562201877095,-0.004281911399567408,-3.765842802643046e-05,-3.167210470503856e-05,-0.002138882985135042,-0.0015976859317151121,0.005345242600050121,0.007320042677345479,0.22329699638770154,0.2553378566469985,0.005311621076330373,0.007275622504731846,3.362152371974772e-05,4.4420172613631415e-05,0.0019436606119937207,0.0027217947472271023,-0.00012366460402717068,-0.00010267365835240492,0.037044052308224745,0.03729153039203194,-0.00012095648983124277,-0.00010022356763454597,-2.708114195927919e-06,-2.4500907178589843e-06,-5.056999792974829e-05,-4.025750765109025e-05,0.0,0.0,0.0,0.0,0.0,0.0,0.0,0.0,0.0,0.0,0.013687773830327316,0.01426607841452084,0.0006520266008695238,0.0015203649632024746,0.9925204409999793,0.9929050549830694,0.007094945016930719,0.007479559000020686,-0.05113130475032089,-0.04430677074540755,-0.05113130475032089,-0.04430677074540755,1.0,1.0,-0.021323729117967927,-0.017875631213274783,-0.021638403016873788,-0.017693463883423168,-0.005962705555404841,-0.0047213101749586945,-0.01567809407426107,-0.012972153708464468,0.44143447655401313,0.4550867598965974,0.5690095637409008,0.5992019303270333,0.25419276715399897,0.3138061232779059,0.0038934859290181167,0.004493089297567686,0.0389348586616615,0.044930892180800555,0.10000001064917077,0.1000000122900089,0.0034689960839962694,0.006364642849199721,0.003918592868006156,0.006168345947230631,0.0009016806707010398,0.0012849715192052072,0.003016912197305116,0.004883374428025425,0.5463801018880425,0.5621056911059622,0.40005429139384174,0.4249675403371899,0.2531010971259099,0.2816376911890408,0.12346874999999999,0.13890625,-0.01569025950989024,-0.014872389691305854,-0.017484040842495684,-0.01581383652293817,0.0010534195695904702,0.0014382595700203867,0.0,0.0,-0.00011197199370802381,0.00035552253323635735,-7.706513003288455e-10,3.670602187602356e-10,0.002926577088245847,0.005204873259981979,-0.003655928728486711,-0.0025222874273810583,0.0059622811686328315,0.00829030600614482,0.0,0.0,-0.0005659445026378512,0.00021771619029658856,-4.5173548911798755e-10,8.165629090765435e-10
LR,none,1-20,0.09139952317991465,0.10947313133968035,1.0,1.0,0.09054083430601004,0.10877071995620988,0.0005868623132664651,0.0008586888739046117,0.02821077332169871,0.03589893822409299,-0.20835078457971626,-0.17964647244661922,0.8372155780838384,0.8550449388160357,-0.20685642959330716,-0.17852033024755223,-0.0014943549864090621,-0.001126142199067002,-0.08249153469974999,-0.06789947573308909,0.2750635876334207,0.3158936789464365,0.14247065807559572,0.15669975599788316,0.27296567431966645,0.31369215424939967,0.002097913313754261,0.0022015246970367793,0.10021926148549262,0.11653656601360907,0.0,0.0,0.0,0.0,0.0,0.0,0.0,0.0,0.0,0.0,-0.004272110596798047,0.0019302508304597454,-0.0005780853298459946,0.0060846752602496095,-0.004128478662353476,0.0019350092855022147,-0.0001436319344445705,-4.758455042468373e-06,-0.0041606743566176,0.0018539151270707023,0.00834429090427664,0.011572883890375156,0.19601477394216643,0.2003441956950848,0.008237863684137234,0.011506369957428212,6.651393294694556e-05,0.00010642722013940633,0.002641942668720185,0.00344223043116878,0.0,0.0,0.0,0.0,0.0,0.0,0.0,0.0,0.0,0.0,0.0826216848492698,0.09790024978498509,0.799655767680118,0.803985188303721,0.08211383367178873,0.09726435255271518,0.0005078511774810651,0.0007522616952389473,0.025439206251487496,0.03245671199052581,-0.02900700848374756,-0.025802247343113583,0.1499544272592292,0.1523065095443375,-0.0288028823395118,-0.025652520923067412,-0.0002041261442357612,-0.00014972642004617214,-0.011416788133007371,-0.009684506231542779,0.03414653821096137,0.040579892383490426,0.045037555705823754,0.04803768621117646,0.03389038457197623,0.040309252303985486,0.0002561536389851393,0.00027064007950494483,0.012326448889083848,0.014859018569528907,-0.0006478796836702722,-0.0006323368547849159,0.007903191124305231,0.00825963956370066,-0.0006372074421047294,-0.0006276046975355738,-1.1195864799158702e-05,-4.7321572493419815e-06,-0.0002768210065974428,-0.00023329194397306549,0.0,0.0,0.0,0.0,0.0,0.0,0.0,0.0,0.0,0.0,0.4350729922547008,0.44314784256589057,0.0628455499460831,0.07357419311558737,0.9922474319528651,0.9926249264913463,0.007375073508653766,0.007752568047134872,-0.016853903915407212,-0.012058099672116745,-0.016853903915407212,-0.012058099672116745,1.0,1.0,-0.004513806749550548,0.0015887854484554803,-0.006126294964440381,-0.004628577677436104,-0.001848045091992504,-0.0014263521258115605,-0.0042782498724478766,-0.003202225551624544,0.4909490360293066,0.5057254568226274,0.48938843179708674,0.5204157878381206,0.3100792597216835,0.33233739354987196,0.0015215981237400764,0.00163349129275479,0.015215980984320204,0.016334912652591415,0.10000001442040422,0.10000001512117743,0.005018547328829141,0.006579230100847896,0.0012411890571958058,0.0015352507132504552,0.00029177179356549535,0.0003460515504231279,0.0009494172636303104,0.0011891991628273273,0.5133654240974208,0.5202462876169534,0.4466141055455937,0.45789549965319276,0.3514651313561328,0.36777464792615405,0.11947343749999999,0.13204375,-0.5879087836960057,-0.45355106764645725,-0.6840887715842825,-0.5334368450516718,0.07982822896273868,0.0933512914841862,0.0,0.0,-0.0008498366046363274,0.0028286598195444985,3.3235348708768396e-08,4.431324867383466e-08,0.17458588614659626,0.20690741690195588,-0.14186113293632846,-0.12466324717744334,0.3037167680682955,0.34697909522038073,0.0,0.0,-0.004939070771814082,0.001789475498511969,-2.088060836008381e-08,-1.867839246939931e-08
LR,none,11-20,0.014659833821372004,0.03716680267930556,1.0,1.0,0.014263342643551724,0.036793110479463084,0.0003498093198104471,0.00039649117782028043,0.0033915824341174293,0.010744967034610624,-0.09630463426799514,-0.09043974537969338,0.9072141720869131,0.9236735746263447,-0.09567155416243707,-0.08994748599611228,-0.0006330801055580569,-0.0004922593835810915,-0.038610925872941765,-0.03432094588004507,0.10613443789064189,0.1330003805403818,0.07932335369116733,0.09171645019238107,0.10521640541946838,0.13199224870842066,0.0009180324711735119,0.001008131831961133,0.038687432467517185,0.04888664826912986,0.0,0.0,0.0,0.0,0.0,0.0,0.0,0.0,0.0,0.0,-0.0011016610607154152,0.0004710671209380372,-0.002996895345160254,0.0028814855751894443,-0.0010644425950925766,0.0004724265748271013,-3.721846562283842e-05,-1.3594538890640668e-06,-0.0010773674470557543,0.0004692498797809832,-0.010133204017479424,-0.004159289133224784,0.14356320090639052,0.14819426378473616,-0.01010926347691528,-0.004145494382966018,-2.394054056414423e-05,-1.3794750258765732e-05,-0.0036757387192385,-0.0017086822199198278,0.0,0.0,0.0,0.0,0.0,0.0,0.0,0.0,0.0,0.0,0.024793040149645767,0.041326093841202685,0.851805696798283,0.856436759158677,0.024372608276415277,0.0409386068854702,0.00037239683127608214,0.0004204318732304945,0.007067324684931671,0.012453651563252465,-0.0077080934432189815,-0.006083109882913678,0.10193332394003125,0.10562403574491011,-0.0076766455562700744,-0.006045826921017157,-3.7282961896521066e-05,-3.144788694890798e-05,-0.0028040211835074673,-0.002384348035230187,-0.0024251105977683243,0.0019238207440240688,0.040261270130547894,0.042570227975632216,-0.00243261794408145,0.0019003325319945582,7.507346313126454e-06,2.3488212029510563e-05,-0.0008885103730272529,0.0006756658133938261,-0.0003879821994133738,-0.00023496741813479398,0.0053970574175774,0.005650440645519425,-0.00038355857830235917,-0.0002318176176230175,-5.517550113867856e-06,-3.1498005117764477e-06,-0.00014833182546315508,-9.16748394462967e-05,0.0,0.0,0.0,0.0,0.0,0.0,0.0,0.0,0.0,0.0,0.1969626932280693,0.1999238314493776,0.011268251387254574,0.026421835644694934,0.9920314370246828,0.9927088117317897,0.00729118826821022,0.007968562975317128,-0.005371930058234936,-0.0038879105200559892,-0.005371930058234936,-0.0038879105200559892,1.0,1.0,0.006405640061846611,0.00971044846269869,-0.0032819825582868062,-0.0029103766716100737,-0.0007051462288148798,-0.0006989988921710436,-0.002581919512294956,-0.0022113777794390303,0.5163479192615089,0.5266896491851584,0.4566902751189758,0.4849414677715756,0.29442858980608655,0.31521712566531424,0.0002115863247437038,0.0003529479098283348,0.002115863192341837,0.0035294790498614733,0.10000001403613201,0.10000001699970969,3.5732341331981644e-05,0.003009241958983582,-0.0007365720736890574,-4.600020186169787e-05,-3.822396483999124e-05,3.463722026702772e-05,-0.0007001186123565551,-8.063742212872551e-05,0.49715942120902523,0.5021874360478001,0.48041758025331466,0.498869435536066,0.39020272031890013,0.416350189414744,0.12070624999999999,0.132853125,-0.23569629598723424,-0.18018438467606654,-0.28746424118545966,-0.22142441270172317,0.04144624180841069,0.051076039406972126,0.0,0.0,-0.0002062446138786685,0.0006918682166351809,3.08311245990764e-08,3.7574618173007546e-08,0.04386766021749744,0.0747990970818956,-0.07068843292787949,-0.06765737707200717,0.115708983020654,0.14417070318854824,0.0,0.0,-0.0012671337287230042,0.0004362350065614974,-1.8342239180398774e-08,-1.6706616849573697e-08
LR,none,2-5,0.016968102182677185,0.026052319774574405,1.0,1.0,0.01695887252278852,0.0259657436593581,9.229659888660536e-06,8.657611521630315e-05,0.004763551184394223,0.009593341510755648,-0.045012670798139,-0.03581822250166733,0.7426471972946314,0.7627349541403874,-0.04466428272090537,-0.035546616322007174,-0.00034838807723363375,-0.0002716061796601594,-0.01742194064142035,-0.013413712861127228,0.059426306147068675,0.06905023057965128,0.22622219783585568,0.2465298706501912,0.05902920142120145,0.06861735309876323,0.0003971047258672239,0.0004328774808880497,0.021718618171466985,0.0256801222612677,0.0,0.0,0.0,0.0,0.0,0.0,0.0,0.0,0.0,0.0,-0.0015064476266978735,0.0007005005200402851,0.0033279439167455947,0.011042816952240266,-0.001455872869103152,0.0007020778052938569,-5.057475759472177e-05,-1.5772852535718464e-06,-0.00146459662285232,0.000660745190515463,0.006880650777081505,0.009553446116516191,0.29010485592080365,0.30483204614755194,0.0068523478570739205,0.009496723030119688,2.830292000758633e-05,5.672308639650199e-05,0.002377192151186813,0.0034182820852454608,0.0,0.0,0.0,0.0,0.0,0.0,0.0,0.0,0.0,0.0,0.01008745140860487,0.017173828305229705,0.6951679230935605,0.7098951058598274,0.010106524599326622,0.017126632584493616,-1.9073190721749874e-05,4.7195720736086973e-05,0.002386359526275528,0.006484740811371093,-0.01178154170476521,-0.009637902337457375,0.22336153675621725,0.23479499070934784,-0.01169035761366042,-0.009568133952404124,-9.170780278477597e-05,-6.97683850532524e-05,-0.004544079620125969,-0.0035796601022261053,0.018625518481343764,0.020660034287863022,0.06674331912903197,0.07204547873093953,0.01850550775916148,0.020529469800599765,0.00012001072218228079,0.0001305644872632577,0.006921271772737563,0.007566025146306016,-0.00023182579239059103,-0.00012777598715042813,0.012108705940494947,0.013035150982832543,-0.00022595198368135046,-0.0001266638382514652,-5.873808709240621e-06,-1.1121488989629139e-06,-9.708754846484865e-05,-4.6692249821770834e-05,0.0,0.0,0.0,0.0,0.0,0.0,0.0,0.0,0.0,0.0,0.09737399230459282,0.10378588827040994,0.01220455099828296,0.016458978263818758,0.9925173026300558,0.9927670979471322,0.007232902052867747,0.0074826973699442575,-0.035829163260804126,-0.024662024339528358,-0.035829163260804126,-0.024662024339528358,1.0,1.0,-0.024728566329469227,-0.017875706351242075,-0.010389145805136944,-0.00706325719820055,-0.0036587508011201564,-0.0025373344111097895,-0.006730395004016789,-0.00452592278709076,0.4503097641738082,0.47707468509795736,0.5535714356218083,0.5868624121794698,0.35086994809704636,0.3791971868157849,0.0032117344607002626,0.0036488477408509945,0.03211734408453164,0.03648847678756127,0.10000001224402096,0.10000001406904879,0.008212978903099855,0.010860852550956153,0.0033836305151644618,0.0040769814209057125,0.0008150835994521954,0.0008724222274004313,0.002568546915712266,0.0032386643871741188,0.539124571537964,0.5420167284878553,0.40495873894786616,0.4124696780359545,0.3019302666969662,0.3111376525440797,0.12003124999999999,0.134484375,-0.13481631319173965,-0.11038529794827248,-0.1497792700659289,-0.1244264305655717,0.010483938975610596,0.014350548999223264,0.0,0.0,-0.00030941393651667175,0.0010225668828162415,-5.209519409716496e-09,-2.4454073892795032e-09,0.04024164583761701,0.048810810646133095,-0.029983071963045827,-0.02172559096256651,0.06601611147275581,0.07692860249251218,0.0,0.0,-0.0017467965709272529,0.0006501436092122047,-7.430852898814033e-10,8.977130253003619e-10
LR,none,6-10,0.04368046323594056,0.0539830186009851,1.0,1.0,0.0434415281885001,0.05359551107553053,0.0002374137790466193,0.00038750752545456635,0.014507448992069382,0.018267942247818737,-0.0635109691440979,-0.04907492106098606,0.8283499891755266,0.872983921556371,-0.06303063768860419,-0.04874431652986535,-0.00048033145549371904,-0.0003306045311207125,-0.025255907685385076,-0.018567131060201688,0.10415760099566,0.10790467203177323,0.12345386836275489,0.16787700003267975,0.10340844640266622,0.10716510894097935,0.000720632758546379,0.0007491545929937775,0.03786955023451472,0.04077740028828628,0.0,0.0,0.0,0.0,0.0,0.0,0.0,0.0,0.0,0.0,-0.0011774761476504633,0.0005225898545268813,-0.0014138723836779772,0.0037730280357863638,-0.0011379895977622,0.0005239563730585759,-3.948654988826334e-05,-1.3665185316947618e-06,-0.0011461233714423651,0.0005068775435344169,0.004516227652853051,0.009188280732150944,0.10908712421468583,0.12759699589071433,0.0044789626403855445,0.009121746622464486,3.7265012467506075e-05,7.169525477630804e-05,0.0012061725524461098,0.003356718176313824,0.0,0.0,0.0,0.0,0.0,0.0,0.0,0.0,0.0,0.0,0.03770764819815767,0.046090629368450715,0.8724029665324439,0.8909128485718207,0.03753676849989219,0.045774817119904866,0.0001708796982654798,0.0003158122485458463,0.012761833789234381,0.015714518876519642,-0.00630558570524626,-0.004142668058164778,0.10448445339124357,0.11406304839913321,-0.006266145964050214,-0.004125830014825806,-3.943974119604461e-05,-1.6838043338973212e-05,-0.0026978403410462285,-0.0017031390140940946,0.01082181334578035,0.013464524953853316,0.004602670747143968,0.013533947453222247,0.010745108591209392,0.013370211866834819,7.670475457095923e-05,9.431308701849628e-05,0.003904012889422858,0.005102172180067904,-0.000136053384510485,6.868785285864326e-05,0.00490384787759168,0.005874492996013159,-0.00013464426401961412,6.526062140514951e-05,-1.4091204908709186e-06,3.468227203935384e-06,-6.55287231266937e-05,1.9168365260309246e-05,0.0,0.0,0.0,0.0,0.0,0.0,0.0,0.0,0.0,0.0,0.12350653886386949,0.12564951334621002,0.029173014243871188,0.03571507635316637,0.9920063419927441,0.992404363641268,0.007595636358731945,0.007993658007255992,-0.017557160129512354,-0.009321256123253935,-0.017557160129512354,-0.009321256123253935,1.0,1.0,-0.006714344029919689,0.005616232715429446,-0.005688639035721149,-0.002245738926799502,-0.0017756706711649912,-0.001084374955727066,-0.003912968364556157,-0.0011365178747558778,0.4823005006934302,0.4982037965097127,0.4832037954736702,0.5288033895706342,0.31583939401153105,0.3516558062936855,0.00200334275781085,0.002186204405783031,0.020033427232255017,0.021862043705843236,0.1000000141361255,0.10000001545443156,0.010287466146336199,0.01175051088631765,0.0017207603123819471,0.002670415045570183,0.0003584436627403737,0.0004838604552754529,0.0013623166496415733,0.00218655459029473,0.5176678485386351,0.5305520454995274,0.420074782685022,0.42192149546986457,0.3424972362594547,0.3459361057919367,0.11576249999999999,0.13093125,-0.20170591500714163,-0.1481089953308124,-0.22936121949039817,-0.1717721652614388,0.022747513318939573,0.026896597306301246,0.0,0.0,-0.0002222060605329625,0.0007587021868567195,4.990098596370553e-09,1.0047637246548085e-08,0.07809263591394523,0.08507805653104053,-0.04025541673873106,-0.029726935859616298,0.11602939240625285,0.12160598117509133,0.0,0.0,-0.0013591959695259729,0.0004853806924416776,-3.6860515542025186e-09,-1.6236130918201773e-09
SNA,l2,1-1,-0.01017098251580074,-0.004199325355699754,1.0,1.0,-0.010095694724831725,-0.004163076700777734,-7.528779096901416e-05,-3.6248654922019336e-05,-0.0039565137123094615,-0.0014364353333518294,-0.012021835741589196,-0.008180795779111816,0.7767293065995314,0.789366119015122,-0.011937793080745059,-0.008119883953813422,-8.404266084413733e-05,-6.0911825298392384e-05,-0.004629966094054595,-0.0030679286679148304,0.0018484238608263315,0.0038251985393174272,0.186052087714158,0.19937900951445112,0.001835016774726921,0.0038010999164750487,1.3407086099410766e-05,2.409862284237887e-05,0.0006881698353203918,0.0014886600177291234,1.524069897446744e-05,1.6163040371440384e-05,-0.0003730194794152429,-0.0003262664560652464,1.554630564337285e-05,1.6513398411732712e-05,-3.833156866976451e-07,-3.0560666890540917e-07,1.4931786617993243e-05,1.544455601878597e-05,-0.00013048198087751598,0.00014103116340134385,0.021772176033286385,0.02924798772824711,-0.00012630141277412342,0.00014016101956579907,-4.3018689908579095e-06,8.701438355448082e-07,-9.936398044481124e-05,0.00012790149294458967,-0.010173411880216516,-0.004355597231654681,0.9711249741762188,0.9785540394370805,-0.010102776305515693,-0.0043187840294806904,-7.063557470082238e-05,-3.681320217398865e-05,-0.003941796258558733,-0.00157926864737246,1.524069897446744e-05,1.6163040371440384e-05,-0.0003730194794152429,-0.0003262664560652464,1.554630564337285e-05,1.6513398411732712e-05,-3.833156866976451e-07,-3.0560666890540917e-07,1.4931786617993243e-05,1.544455601878597e-05,-0.00013048198087751598,0.00014103116340134385,0.021772176033286385,0.02924798772824711,-0.00012630141277412344,0.00014016101956579904,-4.3018689908579095e-06,8.701438355448078e-07,-9.936398044481127e-05,0.00012790149294458967,-0.012021835741589196,-0.008180795779111816,0.7767293065995314,0.789366119015122,-0.011937793080745059,-0.008119883953813422,-8.404266084413733e-05,-6.0911825298392384e-05,-0.004629966094054595,-0.0030679286679148304,0.0018484238608263315,0.0038251985393174272,0.186052087714158,0.19937900951445112,0.001835016774726921,0.0038010999164750487,1.3407086099410766e-05,2.409862284237887e-05,0.0006881698353203918,0.0014886600177291234,-0.0005338741301910178,-0.00024680386724030987,0.047530174407075576,0.04951581561145948,-0.0005207803650859042,-0.0002395011136938164,-1.309376510511356e-05,-7.302753546493477e-06,-0.00020878432163503146,-9.15889491930935e-05,3.1822141286020964e-07,3.6630312138917314e-07,-4.922766282600046e-06,-3.8057272799857814e-06,3.836329272867414e-07,4.301596464262584e-07,-6.541151442653171e-08,-5.580578984815432e-08,3.055263933684493e-07,3.409342312249843e-07,0.01961449718487534,0.022482886651470024,-0.006214468803491279,-0.0027628900223479243,0.9925157570549092,0.9927395081796675,0.00726049182033252,0.007484242945090737,-0.043262889251548885,-0.032253407402970335,-0.025571931295833055,-0.018635043462689738,1.4334411857001315,1.447969339464594,-0.025472972605902134,-0.014067917506464505,-0.02506693324896712,-0.014366594124144313,-0.004862203053972121,-0.003127992906678011,-0.020204730194995003,-0.011238601217466303,0.43798281117383847,0.4552986370252756,0.5666916644465056,0.6360096882067687,0.3359268532401276,0.42031461120061164,0.005554390566481407,0.008502092359322238,0.015222842173213647,0.020274508451072256,0.48243728286901205,0.49558103889850474,-0.001988744737736051,0.0018392332622913273,-0.002202952702308562,0.0017547812652750953,0.0004461360736828982,0.0009909651992569672,-0.0026490887759914603,0.0007638160660181283,0.5206766391611882,0.5370949139143633,0.45765101294373123,0.4980083455685264,0.30562560416401013,0.3482818983226369,0.3759375,0.39637500000000003,-0.022261015950923283,-0.013045264800178443,-0.022974594196719884,-0.015004756622138012,0.0010605185256488468,0.0017520452377140648,-6.1355391398487835e-06,-5.663942026091669e-06,-0.00034112055927420137,0.00021358260775039263,-1.1046744965497344e-09,-4.843650390705841e-10,-0.002651922575687833,0.0013250119255958479,-0.005205948917909288,-0.003866630468196739,0.002348402367080557,0.005065950815113987,2.840165303437909e-05,2.9427189470162126e-05,-0.0001837462834017722,0.00017619676068925471,-3.089807308737723e-10,3.485177596500608e-10
SNA,l2,1-20,-0.20372496833923495,-0.17012373009013854,1.0,1.0,-0.2023248430463757,-0.16924033962675192,-0.0014001252928592294,-0.0008833904633866041,-0.07165575135246381,-0.05575822564988462,-0.26370581635544815,-0.23278250148349028,0.8278459588506365,0.8432080618031046,-0.2619386991594649,-0.23146848459029865,-0.001767117195983289,-0.00131401689319162,-0.09633169933381318,-0.08257860952113354,0.056548924629201226,0.061546180659085015,0.15673266349648632,0.1742397967051885,0.05615293898853672,0.061033299149893624,0.00039598564066451277,0.0005285510431080568,0.02290432453510674,0.02574404666151008,0.0022946452713474346,0.0023853302653517915,-0.0028273709430782007,-0.0027757869244495496,0.002339446561465652,0.0024261206415143134,-4.4801290118217116e-05,-3.533520551932379e-05,0.0019658395925086173,0.0020443897004534537,-0.001182070967066884,0.0010913825590463603,0.0007416327012622761,0.002854768820202715,-0.0011446171244030782,0.0010850411245610972,-3.745384266380583e-05,6.341434485263226e-06,-0.0008895079119578136,0.0010714522223752162,-0.02259363722330234,-0.017687756842310515,0.19521818069692334,0.2007216309481167,-0.022477577979983857,-0.017632499273037824,-0.00012612307718940183,-5.5257569272689626e-05,-0.008099868136721363,-0.0054032111755935395,0.00040122630351064096,0.00041575327547576914,-0.0005562005711010149,-0.0005400714884499985,0.0004086266914523068,0.0004224865236398093,-7.400387941665933e-06,-5.8157339053275685e-06,0.00033226140372882157,0.00034587576972886435,-0.18229336225706685,-0.1528371957426887,0.7998327913062232,0.8053379893333312,-0.1810251759226292,-0.15201646330462368,-0.0012681863344376372,-0.0008207324380650161,-0.06390175731051971,-0.050687274429930776,-0.030744922233375806,-0.02638454264084571,0.14783666947887109,0.15625524153893974,-0.030570702491061735,-0.02627187194417057,-0.0001742197423140749,-0.00011267069667513562,-0.011214701342571905,-0.009060336576421064,0.008107343186770598,0.008696785811147464,0.04446638938398516,0.04738151117312482,0.008062376990390283,0.008639372684132885,4.496619638031296e-05,5.8160498295943365e-05,0.003114833209565847,0.003657125402627446,-0.001574118451110373,-0.001248762944474758,0.010749255318369729,0.010839983751566204,-0.001546489355212585,-0.0012338214311415833,-2.8524959235757706e-05,-1.4941513333174953e-05,-0.0005660583198829065,-0.0003998666668015457,1.0065600552059979e-05,1.1678415515139707e-05,-1.5600580842575595e-05,-1.4400538780017389e-05,1.1350411623720069e-05,1.292432768265189e-05,-1.2848110716600902e-06,-1.084315725691323e-06,7.381977939309758e-06,8.455833224231644e-06,0.4833778401232912,0.508488201530397,-0.13583387166581243,-0.11436550444025391,0.992539390914675,0.9928946606663105,0.0071053393336894186,0.007460609085324879,-0.006285626065637377,-0.004219961375495239,-0.003751817736808354,-0.0022934766802049323,1.4764904794872273,1.485822088558958,0.00018090436622472471,0.0015300584781476451,-0.005884428045889799,-0.004803530415012561,-0.0006896982603007934,-0.0005392297713464609,-0.005194729785589006,-0.0042643006436661,0.5077523289288484,0.5154065731366881,0.4795369050408863,0.48751911005713183,0.32608518750198506,0.3369588708776202,0.0007487356363110392,0.0009740836646085766,0.0022830858672514137,0.002801963430966235,0.4127627872785382,0.4259733759911758,-0.014779681724763799,-0.013204906504444665,0.0008860418805472905,0.0011158978923415518,9.702170084322379e-05,0.00011724459918504402,0.000777861804844875,0.0009986532931565077,0.48016075451012286,0.4853328660933361,0.6184123426719826,0.6291572997713732,0.5313676939205179,0.5406116100106103,0.319528125,0.339890625,-0.41408266047327863,-0.35318081823455866,-0.4668932900691905,-0.3994340690546895,0.0402528486868381,0.05534361857058871,0.0003427488801791362,0.0004405971366811212,-0.002973627831312548,0.0016663121018497414,3.3800871511129725e-08,4.17199545176584e-08,-0.09753358081987105,-0.05108344260074825,-0.16799739584277093,-0.1230452083534865,0.0638775885551259,0.07005362527423686,0.003547780450493423,0.0035546841374042995,-0.0016396450460972201,0.0014988011452873303,4.5016338515823745e-09,6.1783059267857434e-09
SNA,l2,11-20,-0.08501846054251706,-0.06894154654351325,1.0,1.0,-0.0845434594524491,-0.06873984179740467,-0.0004750010900679626,-0.00020170474610858944,-0.027528145039467468,-0.020472160038378096,-0.09839136500418556,-0.08309525264817368,0.8249796012021168,0.847911952985994,-0.0978635055143807,-0.08281362787457695,-0.0005278594898048609,-0.0002816247735967302,-0.03520615267503287,-0.02830284278535302,0.011471122830217536,0.014170556653436653,0.1560750822751449,0.18050984044396795,0.011396534244746246,0.01402669295021865,7.458858547128883e-05,0.00014386370321800286,0.00589386138112674,0.006737869984284712,0.0015962964931594016,0.0016510222138397634,-0.00502420762175399,-0.004784835998721257,0.0016255428234223269,0.0016776215733870056,-2.9246330262924882e-05,-2.295679672514379e-05,0.001324751126330591,0.0013775489849848247,-0.0003090809606965456,0.00025077491973941375,-0.00046518135503928807,0.0010637731512804327,-0.00029925583842240155,0.0002495483007910311,-9.825122274143987e-06,1.2266189483826128e-06,-0.00023194353100456565,0.0002656748845573418,-0.0010699579401840433,0.0019481361292773536,0.12759302195230698,0.1390768867908669,-0.0011007050085016367,0.001892298357452369,3.074706831759375e-05,5.583777182498446e-05,7.740257719059513e-05,0.0014933462496067881,0.00022472342458806655,0.00023831795213286616,-0.0008168452976003197,-0.0007789660327004459,0.00022836965628421515,0.000241152740391684,-3.646231696148613e-06,-2.834788258817809e-06,0.00017463801054827278,0.00018164126554664258,-0.08685685898020609,-0.0711144048805511,0.8617156775485231,0.8731859188567078,-0.08633856579121255,-0.07086050854585461,-0.0005182931889935428,-0.00025389633469647847,-0.02867719289633245,-0.02214014417970884,0.0005417893219227442,0.0026069348033168254,0.08861824981357275,0.09593127376554654,0.0004956439865191333,0.0025386108944369184,4.6145335403610856e-05,6.832390887990683e-05,0.0005316629557172558,0.0014805650957987518,-0.0016117472726478322,-0.00014962659547875938,0.03614270117438354,0.043145613026239066,-0.001596349004688383,-0.00014266741715506602,-1.539826795944922e-05,-6.959178323693354e-06,-0.0004542603828367983,8.51797988267738e-05,-0.00013978952986397558,1.5426436440114434e-06,0.007280405495247698,0.00787847125555757,-0.00014441355855934453,-4.77020643013626e-06,4.624028695368906e-06,7.54510809346357e-06,-2.454945818380435e-05,2.9243063148141038e-05,6.011129852074e-06,6.886513509966367e-06,-2.604954206626917e-05,-2.3390727932414854e-05,6.648284504868889e-06,7.502689283225787e-06,-6.371546527948893e-07,-5.335093256955016e-07,4.0208649477778345e-06,4.614252392538596e-06,0.20092466183871688,0.2081928822920943,-0.057490315503049595,-0.04846938650513516,0.9929904740453388,0.993755725016495,0.006244274983504927,0.007009525954661198,0.0034827886249726514,0.0038950814568954224,0.002093598859301514,0.0021473821103910034,1.5083806327686857,1.5222203316530503,0.004637333923373957,0.0063813653425430425,-0.003210318943470258,-0.0022105516146535297,9.529400525655481e-05,0.0001922246693732978,-0.003305612948726813,-0.0024027762840268274,0.5389055775247724,0.5498183470579614,0.4457829723900435,0.4532635118400842,0.3130113630967654,0.31918531477474665,-0.0008058568693411582,-0.0005910509919293519,-0.0016577246928529993,-0.0012043364476440066,0.38730197239120107,0.4017653263415476,-0.013764305739735671,-0.012436860183335039,0.0013259237789815775,0.0014217118472409558,-2.127129737855078e-05,9.763155568946759e-06,0.0013471950763601283,0.001413624487903439,0.46569900347022897,0.46836008919616845,0.6382816666564068,0.6467238624413929,0.5588028574729991,0.5714050230370972,0.299259375,0.32436875,-0.10952133436625502,-0.0987013841153156,-0.13069567785988798,-0.12055983660312933,0.017837885568723396,0.026797874170374696,0.00040695368671972155,0.0004845962728831254,-0.0007617176010040201,0.000387991593635007,2.9028019366749113e-08,3.606647856125425e-08,-0.07596172074316562,-0.04424712746686534,-0.08429628486554172,-0.05485175452610239,0.005775504635232636,0.008670824821143982,0.0023517884069493736,0.0023902543618006962,-0.0004255287535508383,0.0003811606465900998,4.4193430901089555e-09,6.2824379698678735e-09
SNA,l2,2-5,-0.05370346682864989,-0.03957656443528336,1.0,1.0,-0.05327281971440541,-0.03927024276907665,-0.00043064711424449346,-0.0003063216662067134,-0.020505404081563077,-0.013719913172352102,-0.07239943890227682,-0.061689554066449714,0.7976410700400943,0.8187505595732061,-0.07183683893061217,-0.061231600314474444,-0.0005625999716646581,-0.0004579537519752737,-0.027373557549866173,-0.02218443060734336,0.01853962706154679,0.023108457461746355,0.17697338682511063,0.20020763107994166,0.01839014626185221,0.022947845173618857,0.00014948079969458308,0.00016929801147361304,0.006772181868949715,0.009169560784723097,0.00018895057421038116,0.00020389737893035587,-0.0008266330795730581,-0.0007184181912397171,0.00019262611892390406,0.0002081031167569099,-4.605822062865674e-06,-3.675544713522891e-06,0.0001827933811188686,0.0001909095167203086,-0.0004134962112515958,0.0004117893036701189,0.0028696925072270955,0.0051026623634237486,-0.00040043616652037,0.00040918609329983755,-1.332204873181906e-05,2.603210370281587e-06,-0.0003116539914189163,0.00038734789568599967,-0.012714129161255906,-0.0050291111985072785,0.2497161545556242,0.26761677994900085,-0.012615654640861073,-0.004996969050712584,-9.847452039483213e-05,-3.214214779469424e-05,-0.004357564613590348,-0.0015061336228718288,6.394262753320475e-05,6.969429291636792e-05,-0.0003165927292282789,-0.00027929527533904517,6.515057605699907e-05,7.107531582516555e-05,-1.5138747651177948e-06,-1.2079485237943183e-06,6.078282564214687e-05,6.387546761168034e-05,-0.045369504310565446,-0.028990553031231898,0.7326669015551392,0.7505631078599249,-0.0450106573414746,-0.028746563538793908,-0.0003588469690908388,-0.00024398949243799312,-0.01748661437176734,-0.009831991511824824,-0.017360185786615783,-0.011560736713107653,0.19563053076525455,0.20731321233770536,-0.01722987221191935,-0.011480422538487998,-0.0001303135746964307,-8.031417461965614e-05,-0.0062024067153593826,-0.0040263736519513624,0.004646056630809745,0.006531625522113567,0.05346924431854973,0.0603060943888009,0.004614217576371602,0.0064834534957744164,3.1839054438142794e-05,4.8172026339151806e-05,0.0018448421034090064,0.002520240029980797,-0.0006927414250762125,-0.0002730128396516983,0.013215532061237356,0.013800654158070863,-0.0006743956060006132,-0.00026803738535623314,-1.834581907559914e-05,-4.97545429546517e-06,-0.00024090272361230037,-8.30537449942218e-05,1.461560120765707e-06,1.708958767328581e-06,-5.221564681031831e-06,-4.745274072103301e-06,1.694452895292814e-06,1.9625001627248745e-06,-2.601612906558817e-07,-2.2208968917371905e-07,1.289787704112545e-06,1.4579296365662491e-06,0.12286739603842234,0.13381289654263084,-0.03319806274708682,-0.02585665126293126,0.9923428237064289,0.9924982906255888,0.007501709374411233,0.007657176293571109,-0.019522062477984516,-0.011173804696125823,-0.011731563630723496,-0.006120965953333138,1.4285137944172321,1.436790213737087,-0.01220212617218475,-0.005654489893169691,-0.008180409287040506,-0.004067368453151473,-0.0017243010289482003,-0.001046205383607736,-0.006456108258092304,-0.003021163069543737,0.46411793244526056,0.48230917430100784,0.5211577600792733,0.5473579595471,0.3605192923397908,0.3873872766177808,0.0036299513368662105,0.004629270374168762,0.008733156891088723,0.009840307424499253,0.46896086284295685,0.47737627199641325,-0.013244706679262905,-0.011722845806901517,-0.0006505347232454963,0.000416563598430034,0.00029110262363048255,0.00040389448823476714,-0.0009416373468759791,1.2669110195267011e-05,0.5040311062875664,0.5116615277242161,0.5568014535629746,0.5645270195247983,0.45534807806009986,0.4590440057285248,0.3442421875,0.3669453125,-0.13385646855633,-0.0988528518252411,-0.14175688831962477,-0.11017813466522046,0.0069693818084214446,0.011509617366206624,-5.393742858148148e-05,-4.524929179987772e-05,-0.0010534487620083182,0.0006238976667067486,-3.330760308101244e-09,-1.2089402359239155e-09,-0.004501085009941714,0.0023710943179923736,-0.03097631840798896,-0.02861920859489675,0.024419519919693822,0.03272510508487918,0.000338489632969767,0.00035403012506696516,-0.0005763812530990783,0.0005354328110689444,-4.959657765208603e-10,4.4055755858522984e-10
SNA,l2,6-10,-0.07286644150606299,-0.05311904648613528,1.0,1.0,-0.07232123786458396,-0.052809175940721265,-0.00054520364147902,-0.0003098705454140145,-0.024797742638698748,-0.018465441516965907,-0.09178371837419035,-0.0775702702201975,0.8561530468996645,0.8739398824351439,-0.09110858441076344,-0.07707140310924054,-0.0006751339634269209,-0.0004988671109569579,-0.03328005160002066,-0.028305791565404765,0.018144145797919908,0.02586407360600266,0.12797687447351508,0.14758998010957536,0.018007459653696562,0.025642274151906598,0.00013668614422334706,0.00022179945409606003,0.0077503288009098115,0.00964481339903111,0.000485341496178671,0.0005142476322102317,-0.0020945780542471707,-0.0020255200381681885,0.0004937387535904226,0.0005238825529586657,-1.0565822105728914e-05,-8.397257411751697e-06,0.00044145151839637095,0.00046048664272953406,-0.0003290118142412269,0.0002877871722354833,-0.0016954001558419942,0.0007979482299892045,-0.00031862370668618296,0.00028614571090442904,-1.0388107555043793e-05,1.6414613310542051e-06,-0.0002465464090895199,0.0002905279491872854,-0.006376090714890275,-0.002946612540875486,0.11704963866122553,0.14047882111491503,-0.0063391283270305045,-0.002940860761955296,-3.696238785976952e-05,-5.7517789201900745e-06,-0.002374136857962309,-0.0011528101267782474,9.495465843981988e-05,9.971451917075555e-05,-0.0004963459239002967,-0.0004792698520153631,9.681162423352176e-05,0.00010140422846346799,-1.8569657937018808e-06,-1.4673904538100321e-06,8.124971741307642e-05,8.491448055175543e-05,-0.06658698140903022,-0.046978740314191456,0.8600174988099079,0.8834296044097545,-0.06608020761218855,-0.04668875035946112,-0.0005067737968416461,-0.0002899899547303331,-0.022685765914835752,-0.016172553649125766,-0.007003316182385494,-0.00502241509554286,0.0969906511828683,0.1131593491806518,-0.006978207008112766,-0.005001398420861264,-3.295008639988477e-05,-2.1016674681595223e-05,-0.00272898345723607,-0.001910852094804866,-0.00021428538787781563,0.0020758025624810334,0.01985120052169142,0.02754615736286011,-0.00021027308530130042,0.002060537666091315,-4.01230257651535e-06,1.526489638971857e-05,3.343942594624724e-05,0.0007580419702152584,-0.0005029058427348012,-0.0003127024739560317,0.006843084103828867,0.008322018687043483,-0.0004966465260519148,-0.00030918877581685467,-9.189236687812808e-06,-3.5136981391769944e-06,-0.00018412440762175859,-0.0001148295559308227,2.2746891663600605e-06,2.7166401164555845e-06,-1.273677021682178e-05,-1.1579553646060479e-05,2.596772780142848e-06,3.0289785902749687e-06,-3.2208361378278736e-07,-2.729109209739481e-07,1.7657988940509295e-06,2.0427169639018137e-06,0.13874837580783095,0.15246700160694093,-0.048068698867364236,-0.034653604969169374,0.9918939310117987,0.9920926028977386,0.007907397102261517,0.008106068988201284,-0.005826250892922016,-0.004348472879155855,-0.00351384923309365,-0.002176332532184236,1.4637039768050215,1.4749965563934349,0.0029519346404881354,0.005702332188767799,-0.006536347690857201,-0.005004315730978574,-0.0006481497887716417,-0.00042183982249877864,-0.005888197902085559,-0.004582475908479796,0.4991953216899988,0.5071989882409208,0.4659837098522915,0.4864868164336548,0.3100767587571335,0.33819593427993955,9.127124697467376e-05,0.0011228072403008135,0.0013217974737750292,0.004192823587307042,0.41005331047428795,0.4242409640627356,-0.022186408203003737,-0.01821930826225538,0.0008104038304158796,0.0014550305831345345,8.551592375501275e-06,9.222507594828966e-05,0.0008018522380403783,0.0013742707078096134,0.48155120794431416,0.493125702170496,0.6423959294085909,0.6766975334275876,0.5643325118109914,0.5962359246154061,0.31811875,0.33799375,-0.15379028701486974,-0.12730838354048557,-0.17146612969295782,-0.14291749867359954,0.010513348249091867,0.01848610553172886,-1.5333777390102046e-05,7.068771501423825e-06,-0.0008173409090260081,0.0004408402337575928,6.96557345838235e-09,9.283883810535748e-09,-0.025267966320293662,-0.0017683841943424608,-0.048858162101043524,-0.03351987633519684,0.022600326519093442,0.03052604224472249,0.0007938468946131951,0.0008194384159177986,-0.0004539887560455315,0.0004060109269390315,-6.936006863048437e-10,5.532750569336639e-10
SNA,none,1-1,-0.005247210599683912,-0.0022196057217719516,1.0,1.0,-0.0052052167941273545,-0.0022069930275596577,-4.199380555655807e-05,-1.2612694212293718e-05,-0.002208121583577514,-0.000702599785545725,-0.008499526435215874,-0.007157091597208077,0.7049005858728339,0.7425321720117205,-0.00844139630432732,-0.007105258583160164,-6.176017163956404e-05,-5.183301404791533e-05,-0.0033321426512035986,-0.002772907240992381,0.00333554762882106,0.005684066411382028,0.21984811908431193,0.2840820617109775,0.0033108763483911965,0.005647494868678577,2.4671280429863062e-05,3.657154270345119e-05,0.0011666675051684328,0.0023157306931364478,0.0,0.0,0.0,0.0,0.0,0.0,0.0,0.0,0.0,0.0,-0.00020378720644365265,0.00020619144242513114,0.011017284618413722,0.037619655366086684,-0.0001988822012802525,0.00020053468383636556,-4.905005163400089e-06,5.656758588765445e-06,-0.00021320133987190562,0.00020961355093200812,-0.005043423134874631,-0.002425797196589038,0.9623802911705497,0.9889826476750645,-0.005006334244155088,-0.0024075278234527075,-3.70888907195422e-05,-1.8269373136330022e-05,-0.0019949203275740094,-0.0009122131790179582,0.0,0.0,0.0,0.0,0.0,0.0,0.0,0.0,0.0,0.0,-0.00020378720644365257,0.00020619144242513108,0.011017284618413722,0.037619655366086684,-0.0001988822012802525,0.00020053468383636556,-4.905005163400089e-06,5.656758588765446e-06,-0.00021320133987190568,0.00020961355093200804,-0.008499526435215874,-0.007157091597208077,0.7049005858728339,0.7425321720117205,-0.00844139630432732,-0.007105258583160164,-6.176017163956404e-05,-5.183301404791533e-05,-0.0033321426512035986,-0.002772907240992381,0.00333554762882106,0.005684066411382028,0.21984811908431193,0.2840820617109775,0.0033108763483911965,0.005647494868678577,2.4671280429863062e-05,3.657154270345119e-05,0.0011666675051684328,0.0023157306931364478,-0.00029971669738320175,-0.00018174307656083859,0.048223182679795355,0.04960292106725768,-0.0002920619775226614,-0.0001774934911450053,-7.654719860540353e-06,-4.249585415833281e-06,-0.00011643101242669426,-6.836484391417232e-05,0.0,0.0,0.0,0.0,0.0,0.0,0.0,0.0,0.0,0.0,0.01966413818964119,0.019996678982767958,-0.0030390890161063984,-0.0015170059362262262,0.9922612992083509,0.9929244872290491,0.007075512770950851,0.007738700791648985,-0.04462144263278048,-0.037413309229909444,-0.026027622127579714,-0.021151511152351306,1.5201598638328873,1.5237618448117118,-0.020618528978056973,-0.016561578077675488,-0.020368135526806254,-0.01701020174851936,-0.005168928479923375,-0.004164270989656148,-0.015199207046882879,-0.01284593075886321,0.45132373726381275,0.46524952765654365,0.5754553200378595,0.6126961566612575,0.3286521639584528,0.3716137501965201,0.0062419543354206635,0.009127516270533797,0.018407341471260975,0.019727681998443998,0.4253110375073074,0.4286046139711295,-0.0001901803574847392,0.003337363778504241,5.795470487540213e-05,0.0031402618757381947,0.0006420360503885968,0.0012918981757023527,-0.0005840813455131947,0.0019347187381856847,0.5305024143302067,0.5389716233617117,0.4553253632662752,0.48627567943459854,0.3348912480198713,0.36254538969784783,0.25696875,0.2741875,-0.01753546374385186,-0.014319921682896697,-0.01839718744886648,-0.016188525234988742,0.0008319414874896983,0.0021028780976387602,0.0,0.0,-0.000256810461192717,0.00040873083636380384,-1.3334373132590173e-09,-6.525946686019531e-10,-0.0006863151306822831,0.0022673476002643004,-0.005032539808031684,-0.0037671869859532115,0.004247573876345519,0.00693154398218344,0.0,0.0,-0.0002930325930814083,0.00017185137565416255,5.284062634860128e-11,2.82311014722609e-10
SNA,none,1-20,-0.12665274558473216,-0.11539581420742313,1.0,1.0,-0.12576146654025838,-0.11490061414647486,-0.0008912790444737766,-0.0004952000609482638,-0.04523440847828191,-0.044558711321553854,-0.32848677372899254,-0.3029241499598732,0.8368881500287323,0.865810949386451,-0.32612251826209826,-0.30077587031599873,-0.0023642554668942654,-0.002015089826649785,-0.12712108517892512,-0.11745657905153113,0.17753974545135956,0.2013277678937683,0.13027713232155264,0.16473686463499657,0.17613709203349331,0.19982201663519708,0.0014026534178662334,0.0015636467773107478,0.07108143489133294,0.08155835427076798,0.0,0.0,0.0,0.0,0.0,0.0,0.0,0.0,0.0,0.0,-0.001785600651628588,0.0017314586706243373,-0.0016249947688351737,0.003911938742547255,-0.0017418440073294385,0.001682744218053834,-4.3756644299149486e-05,4.871445257050276e-05,-0.0018713581798476362,0.001816432172576362,-0.018925084985160913,-0.01792114692192904,0.1932047936221172,0.19485399282104865,-0.018793849363387023,-0.017823966846315695,-0.00013123562177388715,-7.723764886829015e-05,-0.006630487907570534,-0.006598096413960111,0.0,0.0,0.0,0.0,0.0,0.0,0.0,0.0,0.0,0.0,-0.1077276551222585,-0.09718741639276335,0.8051459762426557,0.8067951761829807,-0.10696761214599378,-0.09676945437839135,-0.0007600429762647032,-0.00041796201437201,-0.03862571157260307,-0.037960612024892114,-0.04615167694251067,-0.04116054705191793,0.14248263613330742,0.14996248680006544,-0.0458278880454239,-0.04088673816540468,-0.0003237888970867654,-0.0002738088865132478,-0.017644353823182586,-0.01591120660821997,0.023239400152729982,0.027226591957548025,0.043242306786638936,0.050955054703649715,0.023062771341406243,0.02703403868297425,0.00017662881132373708,0.00020159269439722272,0.009313110203399439,0.01103565884941838,-0.0013642317272243335,-0.00129354229624789,0.010412704951626902,0.010564532254674481,-0.0013355039796545988,-0.001268331149064407,-2.8727747569734677e-05,-2.0755155227270735e-05,-0.00048109362985113943,-0.0004769981728845344,0.0,0.0,0.0,0.0,0.0,0.0,0.0,0.0,0.0,0.0,0.5406060753150863,0.5517192425201813,-0.08141833710645026,-0.07071597903705563,0.9920852445149506,0.9925063235013495,0.0074936764986504815,0.007914755485049335,-0.013622289400736436,-0.010974210659855422,-0.007928323522244197,-0.0061984596720900675,1.5131989682533302,1.5223809535808193,-0.004679425008189344,-0.004133371601309008,-0.005668492642476977,-0.0050265051413471585,-0.0014535086009959356,-0.0012730282085238554,-0.0042149840414810414,-0.0037534769328233034,0.5038100433339479,0.5074288119327335,0.5103323572189534,0.5139347335813749,0.3589156300016193,0.3744793106631515,0.0020871251974721662,0.0024361483637446936,0.004438731050610738,0.005812183203810672,0.40547837797315117,0.4098238190210197,-0.006749846862203543,-0.006097769503611254,0.0004454741349378161,0.0006507668795569324,0.0002569527938340245,0.00030109204746336146,0.00018852134110379157,0.000363057893955212,0.5019959330322623,0.5045528046552663,0.5381935461135535,0.5433532460607806,0.46515444409493095,0.4684847882186903,0.23612812499999997,0.2592640625,-0.46198152109008317,-0.43604447924425394,-0.5831889597799019,-0.5469354836613207,0.11071101658985531,0.12345215211477634,0.0,0.0,-0.0022447509312173144,0.003395865001490324,2.9415068256635896e-08,3.8424116632927964e-08,-0.011224544290745053,0.004824409033369076,-0.24074015885765795,-0.20595283809045375,0.20117516066646668,0.22802542208721163,0.0,0.0,-0.0025385300563622783,0.001490197321549155,-5.787858688926622e-09,-3.3306970676635718e-09
SNA,none,11-20,-0.0894655942674319,-0.07128654315503913,1.0,1.0,-0.08901924559801702,-0.0708231927624703,-0.0004633503925688274,-0.0004452722011192236,-0.03233562159718638,-0.02472645406665427,-0.17405002875836312,-0.14862505210562804,0.8599818813359796,0.9089636221459358,-0.17293954098392686,-0.147623066488354,-0.0011109822958426108,-0.0010019856172740656,-0.06538727686703888,-0.05785139267420038,0.06376587152111488,0.08607615210648835,0.09043952834001981,0.1414826064986309,0.06322158603918575,0.08542000454848934,0.0005442854819291309,0.0006754843957049532,0.026302324799271755,0.03547753182268796,0.0,0.0,0.0,0.0,0.0,0.0,0.0,0.0,0.0,0.0,-0.0004531004034695944,0.00043486844141070024,-0.0014644399631249423,0.0010853801364887963,-0.00044175509153877873,0.0004224400262706151,-1.1345311930815691e-05,1.2428415140085142e-05,-0.00048143578947507006,0.00046633185468104133,-0.014743266216682807,-0.006579391523185332,0.12742684922459024,0.1399515755525792,-0.014646228428109975,-0.00653037383669058,-9.703778857283218e-05,-2.3348932557891837e-05,-0.004948340113304174,-0.0020167864382890895,0.0,0.0,0.0,0.0,0.0,0.0,0.0,0.0,0.0,0.0,-0.07771854409213638,-0.06470714694095762,0.8600483950594153,0.8725731228840772,-0.0772966213559505,-0.06429281428391871,-0.0004219227361858755,-0.00034931089165374837,-0.02861190418416376,-0.022709666478256695,-0.017371341433901698,-0.00785988636121023,0.08584028211336427,0.10276984594165321,-0.01726098693718815,-0.007823354944863834,-0.00011035449671354914,-3.6531416346395456e-05,-0.006198710858453144,-0.003080089527810366,0.0011541274388918335,0.00390928841622585,0.03385572725787498,0.04158656709754495,0.001140944956402243,0.0038848958636188194,1.318248248959033e-05,2.4392552607030244e-05,0.0006092609454867934,0.001766295688140808,-0.0008758425441431978,-0.00037798524884126303,0.006966170245664293,0.00781280645491289,-0.0008577847920132777,-0.0003727221780649357,-1.8057752129920116e-05,-5.263070776327368e-06,-0.0002980020538646406,-0.00013063925326304389,0.0,0.0,0.0,0.0,0.0,0.0,0.0,0.0,0.0,0.0,0.23369871069021117,0.2534264229871629,-0.05712997267024552,-0.046560089088384854,0.9921580073528876,0.9929358262768213,0.007064173723178699,0.007841992647112446,-0.008029850055235334,-0.002958924473156118,-0.004853932936443656,-0.001516753247995588,1.5161185488683528,1.5241937942105857,-0.0035343135611293555,0.0019812053523216243,-0.004836168137672951,-0.0025407988791630045,-0.000938985831488451,-0.0005012706612645267,-0.0038971823061845004,-0.002039528217898478,0.5239397591356116,0.5312648523290739,0.4859491817464564,0.5190194852074683,0.3534891128998893,0.39851786225994523,0.00024286508056505,0.0006318088966942158,5.138081908203154e-06,0.0004894381746160253,0.4033677335850907,0.40643339533660205,-0.010784914586750271,-0.009667177139753515,-0.0003883611467660923,0.0001046966565461578,3.6160645060120126e-05,9.788186400399784e-05,-0.00046414132768343475,6.814792542159966e-06,0.48878863405268,0.49226111748382156,0.5773478519008549,0.5849981622125775,0.5125163889019324,0.5243333201942916,0.227759375,0.2545,-0.1943717355304995,-0.17529293172190047,-0.2545691471278678,-0.23684006022322826,0.056499586735616246,0.0677215717078525,0.0,0.0,-0.0005798205353463236,0.000847915053740211,2.4598502847434614e-08,3.200201026400399e-08,-0.05057339813246421,-0.03595020299076362,-0.14374933904118425,-0.11562031397373167,0.0666268398930304,0.09381956945952069,0.0,0.0,-0.0006436214265288415,0.00037776619764456144,-7.1242718072169875e-09,-3.852949008199636e-09
SNA,none,2-5,-0.021564885569985662,-0.009030848931105588,1.0,1.0,-0.0214190990770022,-0.00896142712438364,-0.00016387343131646047,-6.942180672194808e-05,-0.009002280717929603,-0.002957937925349641,-0.06603344447551654,-0.057062346732999356,0.7696156613408824,0.7822427371200021,-0.06554640082640038,-0.05663106556261793,-0.0004870436491161398,-0.0004312811703814214,-0.025713765499892828,-0.022087082826732544,0.040260256943943175,0.0474134877864195,0.21015096521941284,0.22768547043023327,0.03994662326282349,0.04706888779974673,0.0003136336811196799,0.00034459998667277843,0.015052250620004115,0.018711107378039365,0.0,0.0,0.0,0.0,0.0,0.0,0.0,0.0,0.0,0.0,-0.000636554954496497,0.0006180088661590073,-0.003073868241557525,0.007606278105852689,-0.0006211597079476604,0.0006007496879671673,-1.53952465488367e-05,1.7259178191840053e-05,-0.0006614754543934462,0.0006418133617007208,-0.004877187160468888,-0.0005758850622937445,0.2711156641515839,0.2809361977382884,-0.004840480829080301,-0.0005870341357898018,-3.670633138858556e-05,1.1149073496055427e-05,-0.0017726221934497356,-0.0002557159792545548,0.0,0.0,0.0,0.0,0.0,0.0,0.0,0.0,0.0,0.0,-0.0209890004017413,-0.008357643725142666,0.7190637761880104,0.7288843073475423,-0.020832065064913145,-0.008295866249251205,-0.0001569353368281561,-6.177747589146098e-05,-0.008681154676472794,-0.002702221753835932,-0.016627111028327923,-0.013479843912607866,0.21285709026977115,0.21504406933565826,-0.016502933230092273,-0.013392045218260287,-0.00012417779823565179,-8.779869434758021e-05,-0.006397000410868238,-0.005194981913121175,0.011749923886206517,0.013787522852366386,0.05825857386817855,0.06589212822102655,0.011662452419380749,0.013688979493914493,8.747146682576797e-05,9.894776775656992e-05,0.004624378222611168,0.005311037722617986,-0.00041575825884723934,-0.00017570949603611292,0.014819143315027105,0.015199575346883409,-0.0004064574140379588,-0.0001749522527063519,-9.300844809280534e-06,-7.572433297609672e-07,-0.00014967594917980744,-6.325319482697539e-05,0.0,0.0,0.0,0.0,0.0,0.0,0.0,0.0,0.0,0.0,0.12964277994912848,0.13590185877889213,-0.012562604852056061,-0.006072911005755948,0.9922509227169067,0.9924213581897312,0.007578641810268724,0.0077490772830933015,-0.025217334367591597,-0.016565106280266136,-0.014383440885933688,-0.009003834081922315,1.511208623793278,1.5200603879639254,-0.018552360316727683,-0.015030186142009235,-0.008086379665645451,-0.005875722609127279,-0.00251652448358317,-0.0018787226823799787,-0.005569855182062281,-0.003996999926747301,0.4707836696844572,0.48515978313080216,0.5389296120474967,0.5559045669001607,0.37367442233471493,0.38888943399140546,0.005256594799435382,0.005992679615463678,0.012453789013459931,0.015335650069403725,0.41205807200726563,0.4174584287557302,-0.0009421588761875434,0.0022706231927348474,0.0010853906908490185,0.002081699785093361,0.0006332579711416259,0.0007375936926557242,0.0004521327197073927,0.0013441060924376368,0.5201973924260298,0.5288917882315105,0.47542824974568054,0.48350636372031597,0.38828835938523654,0.3958457079721274,0.2497578125,0.2673359375,-0.12219490588399969,-0.10664995451080198,-0.1402469001717988,-0.1286834446515883,0.016415117377068567,0.0208179675736628,0.0,0.0,-0.0007942345642345247,0.0012155226637683223,-1.8326655377290786e-09,-9.66448083083402e-11,0.014522024116340132,0.02706387898530808,-0.04021544347845858,-0.030357906052214965,0.049117484265967466,0.05703085510638639,0.0,0.0,-0.0009048462623213332,0.0005308258784142609,2.8843151313823526e-10,1.5802980330642454e-09
SNA,none,6-10,-0.03340013891658002,0.0008818762296783517,1.0,1.0,-0.033161360870324126,0.0007429473226717241,-0.00023877804625590214,0.00013892890700662976,-0.012644062771978654,-0.0011338112716739973,-0.09646583822046648,-0.06642547000161823,0.8616670502561368,0.890873670698159,-0.09575773882941953,-0.06602665282619462,-0.0007080993910469606,-0.0003988171754236153,-0.03778845880010037,-0.02610237734920038,0.06162909173842869,0.06779950204416438,0.10745289244077876,0.13842267405869793,0.06114888742985475,0.06724964462410812,0.0004783346228497385,0.0005498574200562517,0.024431084288606943,0.02548381124831836,0.0,0.0,0.0,0.0,0.0,0.0,0.0,0.0,0.0,0.0,-0.0004921580872188439,0.0004723899206294984,-0.0020844127673672695,0.001673463861052223,-0.000480047006562747,0.0004590198199796862,-1.211108065609701e-05,1.337010064981211e-05,-0.0005152455961072143,0.0004986734052625911,-0.00811638448626582,0.0021541819803649258,0.1036228102146951,0.13477744227460925,-0.00806846724874174,0.0021084420234368977,-4.7917237524079814e-05,4.573995692802879e-05,-0.002959338672659214,0.0006338982119285136,0.0,0.0,0.0,0.0,0.0,0.0,0.0,0.0,0.0,0.0,-0.028747092116458383,-0.0012723059323354392,0.8652225299637408,0.8963771657747186,-0.028532267276077522,-0.001365495151608736,-0.00021482484038085888,9.318921927329447e-05,-0.01084118788449242,-0.0017677090308700078,-0.011682839939344747,-0.005865323949306484,0.08995234980988367,0.10469785437040599,-0.011603583373194759,-0.005846406967659686,-7.92565661499884e-05,-1.8916981646797025e-05,-0.004491456142613459,-0.0024076272265371903,0.0035664554560752896,0.008019505922561367,0.01367046040188143,0.030079587858586915,0.0035351161263834164,0.007954848983581893,3.133932969187336e-05,6.465693897947185e-05,0.0015321174720298587,0.003041525436750603,-0.0004936669969732666,1.997459602317463e-06,0.005946702716712035,0.007241962884318283,-0.00048372109228125734,-3.7171004906332027e-06,-9.945904692009208e-06,5.7145600929507055e-06,-0.00018138904811532838,-1.6358029904022544e-06,0.0,0.0,0.0,0.0,0.0,0.0,0.0,0.0,0.0,0.0,0.14239918844205118,0.15286469688011245,-0.02075607614460137,0.0020156875013523498,0.9917734288046457,0.99197234979603,0.008027650203970034,0.0082265711953542,-0.012789714891703986,-0.004098073738343563,-0.00753921073433592,-0.0019204702220517928,1.5070504090613546,1.5204679963441867,-0.0017293496385310688,0.008596399803734774,-0.005691825131187444,-0.0028993499972425883,-0.0013802568850840213,-0.0007279501004403916,-0.004311568246103422,-0.002171399896802197,0.4894555042779166,0.5062622177342802,0.45109767800342376,0.5047293310385472,0.32035689153414737,0.3611991417894283,0.0017034105565313085,0.002971151084459896,0.003998624654653121,0.0074266453003656195,0.4004207696532339,0.40852710374164447,-0.008359309793732606,-0.00254541322176072,-0.0002358912547811986,0.0017247408258118685,0.00017050977048688358,0.00033351249603488423,-0.00040640102526808214,0.0013912283297769844,0.5034724511896682,0.511766084136713,0.4997918384112691,0.5307057438792449,0.43422638713996103,0.46941596020993287,0.23779374999999997,0.25935,-0.1480725935644813,-0.10685082462317246,-0.18224018899045782,-0.14020296810124236,0.033309764881390785,0.0347814726103915,0.0,0.0,-0.0006138853704437485,0.0009236964476179863,7.171345845834274e-09,8.18602877335669e-09,0.006083522832986281,0.041562098180175436,-0.06694416785866782,-0.03830103170991253,0.07161240047292626,0.0805601594721974,0.0,0.0,-0.0006970297744306951,0.00040975386983617006,-1.3403571072507919e-09,1.9232125740242937e-10
