period,arm,iv,seed,bin,actual,pos,neg,l2,pre,positive_actual,positive_pos,positive_neg,positive_l2,positive_pre,negative_actual,negative_pos,negative_neg,negative_l2,negative_pre,localup_actualdown,localup_currentdown,within_ratio,between_ratio,star_delta20,star_W_delta20,bias_delta20,mean_delta20,within_delta20,star_delta625,star_W_delta625,bias_delta625,mean_delta625,within_delta625
early,LR,l2,0,first5,-0.3510147593868565,-0.369239854171629,0.013511951344104697,0.0038639258094113884,0.0008491710456937452,-0.526334431119741,-0.5437148794643296,0.010501563171640211,0.0015033321883842125,0.005375486560212703,-0.15313574672796884,-0.17375694510139197,0.01948943784117178,0.006640803430735608,-0.005509067368730152,0.6166187628428851,0.28248031400577445,4.126523504158539,2.600125358431531,-0.1277449116016502,-0.12525824402563704,-0.0024866675760131336,-0.35101475938685656,0.22492621159346285,-0.04549392444037564,-0.047549878350251464,0.0020559539098758245,-0.05346680381247643,0.8324713355871138
early,LR,l2,0,last9,-0.23481500311209538,-0.23193034769339585,-0.010434037742667011,0.003909636553002806,0.003639723523032108,-0.48041179750054613,-0.47907873689708513,-0.0034560838632042828,0.0003541804811150614,0.0017687952857335391,-0.11392347999013329,-0.11043121038184699,-0.013689762026275188,0.005665861920642019,0.004531620640256034,0.5510920532760958,0.33281602312795305,2.2684465374549228,1.4115920520954515,-0.07998496976436226,-0.07858017771458059,-0.0014047920497816653,-0.23481500311209538,0.14112714542608829,0.004191313472088361,0.003964466831055303,0.00022684664103306043,-0.08503006843227053,0.7008868186071685
early,LR,l2,0,next5,-0.2884885442032643,-0.2912415624058257,-0.0017433902530243407,0.004221415348537874,0.000274962069717335,-0.5717959275996173,-0.5772366762149794,0.006053243830709659,0.0007315643656227265,-0.0013441166442865848,-0.13680470354540877,-0.13904831098573125,-0.004768260041901648,0.0060759989400255105,0.0009358515708345425,0.5669652127108838,0.3323834463093947,2.2623826648507213,1.4024594345575487,-0.10044555166229649,-0.09837344477018442,-0.0020721068921120606,-0.28848854420326436,0.1394447310799422,-0.01133294221090719,-0.012323528826773242,0.0009905866158660501,-0.09237975239119048,0.7271789621130693
early,LR,l2,1,first5,-0.3109861215161613,-0.3384553806077392,0.028838484119708886,0.003261398411832398,-0.0046306669734673895,-0.47678996666134843,-0.4918967505182006,0.020002059234371733,0.0013138018887400439,-0.006209142412069654,-0.12129764478419416,-0.16889277049092172,0.04507858441735561,0.005562993200250077,-0.00304646984732384,0.6323528710547667,0.2883113501685436,3.7108971082767512,2.5740257453884046,-0.12391501488850679,-0.12144547334164724,-0.002469541546859546,-0.3109861215161613,0.21901194170464366,-0.06233730450620535,-0.06359664262940534,0.0012593381231999954,-0.05641347586831904,0.7943512871810834
early,LR,l2,1,last9,-0.2723596089661603,-0.2827598622924131,0.003032238249970939,0.0038307073038087846,0.0035372824944875964,-0.5517362936632942,-0.5562952093099001,0.005973253389517246,0.0005224244286942739,-0.0019368189892861366,-0.13907344091991156,-0.1522857715134611,0.0013601755430972633,0.005436482733175239,0.0064156621698547205,0.5573442378006801,0.329084403959805,2.420542518059962,1.4142697053906685,-0.09578402917761655,-0.09401034982079337,-0.0017736793568231708,-0.2723596089661603,0.14351565406186137,-0.01099259349242608,-0.011269081147765503,0.0002764876553394259,-0.10649856265593001,0.7210002448091836
early,LR,l2,1,next5,-0.2258906648183827,-0.22622872090861756,-0.005492094360703607,0.003961631868033303,0.0018684874395623777,-0.470852661555873,-0.47741930593198073,0.0014447711980063484,0.0007512730881982603,0.004370540446805677,-0.09135785997111792,-0.08807725776476276,-0.009292564110983134,0.005751108377191126,0.00026083801565283775,0.5759789117311116,0.319765539400109,2.502776623817397,1.7161226088878057,-0.08014080051793859,-0.07863256301253418,-0.0015082375054043951,-0.2258906648183827,0.14916626242478034,0.0019113127571235191,-9.171638404412708e-05,0.0020030291411676448,-0.04331575025069047,0.7261372524069609
early,LR,l2,2,first5,-0.2472600712454626,-0.27594325238731987,0.023005190211151112,0.003442106663815362,0.002235844592412408,-0.3250001412691427,-0.3466654482053726,0.013025898142902465,0.000699127297918344,0.007940228739448574,-0.15122579232379332,-0.19169854359839086,0.03910747283784643,0.007343377975845411,-0.005978122665782014,0.6129534034246585,0.29499193119981265,4.1122089673744915,3.798895195089557,-0.09643838858057377,-0.09472746619166088,-0.0017109223889128773,-0.2472600712454626,0.23295807348878744,-0.047419178345060306,-0.04906407478439514,0.001644896439334843,-0.0331793575919935,0.8238212187726373
early,LR,l2,2,last9,-0.2672219124010107,-0.27694400191387925,0.004572734934208422,0.004162472556960863,0.0009868575401531913,-0.48423006156844184,-0.48452479552790084,0.0016410578387287935,0.00044472126216335117,-0.0017910923658660757,-0.15772225061188394,-0.17226161219008296,0.006144838418230541,0.006041184564012706,0.0023533256638940524,0.5665892250589857,0.3365476909993125,2.2968752375241435,1.3466107486589471,-0.09458785145731197,-0.09299789150143746,-0.0015899599558744956,-0.2672219124010107,0.14149417113851837,-0.0020056530915746637,-0.002945483707270798,0.0009398306156961351,-0.09611398747832355,0.7317538945055078
early,LR,l2,2,next5,-0.3560348229843079,-0.35216379648048945,-0.008442604332887535,0.004086435681725837,0.00048511000783519486,-0.5971246247192379,-0.605867466959066,0.004332661725409391,0.0005100359427471707,0.003900081887433263,-0.22041201902804244,-0.20951334430155127,-0.01578857178323372,0.006041884883230561,-0.0011520030882563683,0.5996932017762829,0.33176414938745924,2.402231480490246,1.4320644022891742,-0.13159902014694452,-0.1290329807736031,-0.0025660393733414827,-0.3560348229843079,0.15192495239984288,-0.012251864147019249,-0.013856556123002111,0.0016046919759828602,-0.08938647729209644,0.7389752958777338
early,LR,none,0,first5,-0.5764416678459872,-0.5896346374952428,0.014520405128646722,0.0,-0.0013274975905828753,-1.0840409056690106,-1.0948243160800235,0.004573713746446948,0.0,0.006209593110262299,-0.2697618233944975,-0.28610150738865936,0.02426895234038748,0.0,-0.007929304552013081,0.6171236326724354,0.30795950165561,1.9436839361026361,1.0589807360808012,-0.22044945293096094,-0.21597510518475754,-0.004474347746203421,-0.576441667845987,0.199829643402448,-0.21555815015677116,-0.2168108702535018,0.0012527200967306271,-0.40240664096784895,1.2966857644587058
early,LR,none,0,last9,0.019963482169040907,-0.20400495165789123,0.2191547091527281,0.0,0.0048137315033572655,-0.4371477075044907,-0.4880633515145114,0.05105747314712352,0.0,-0.0001418543420759881,0.11374625420469171,-0.1447640125881192,0.25261254360212476,0.0,0.005897736627429826,0.40672039189221243,0.33537775925174035,1.0502416865336888,0.8887959767854405,0.022265256027352038,0.022102729731598894,0.00016252629575319588,0.019963482169040796,0.057931512647794454,-0.041465530039713414,-0.0419658976571291,0.000500367617415678,-0.15139387187412623,1.2979910821478642
early,LR,none,0,next5,-0.2002088250594948,-0.2619120169137615,0.06289303719738064,0.0,-0.001189859607760595,-0.624149603760713,-0.640404004202366,0.01976080733447575,0.0,-0.003506452429011607,-0.10503657149224743,-0.17654588613665978,0.0722016123670989,0.0,-0.0006923049205316039,0.4899953001533026,0.34671630711216384,1.1233450044964506,0.8981727394975186,-0.05790555712062388,-0.056579648787968215,-0.0013259083326556723,-0.2002088250594948,0.0905137800115201,-0.09097900609381286,-0.09294113135431217,0.0019621252604993056,-0.2096805736573913,1.201223323373558
early,LR,none,1,first5,-0.5205778669727869,-0.5458664637351018,0.02979768354282364,0.0,-0.004509139043287147,-0.9571627990829347,-0.9670206483750899,0.012866023881498254,0.0,-0.0030082647225568478,-0.239539512016328,-0.28234616192672773,0.04748552487878166,0.0,-0.004678900550651699,0.5936533839871854,0.3084759202661613,1.9612057174617195,1.2486942336607612,-0.20857896594013647,-0.204469030882496,-0.004109935057640542,-0.520577866972787,0.18748608835123068,-0.22735740730439788,-0.22648286574135773,-0.0008745415630401112,-0.36851824462036165,1.2570757060022006
early,LR,none,1,last9,0.05432014535087061,-0.22410382152821556,0.2780416709591782,0.0,0.00038230283954097114,-0.6164783979393944,-0.6778314425509813,0.06260326937473298,0.0,-0.0012502760933117997,0.1625486705887906,-0.15079188564498325,0.3127503969032849,0.0,0.0005901756704114585,0.385143948859818,0.3261636844270737,1.0592647390454628,0.799417422475551,0.0316388147112987,0.031207473817532576,0.00043134089376609195,0.05432014535087082,0.05938038550025937,-0.04152601342585273,-0.04172320503400405,0.0001971916081513176,-0.14267459629665946,1.3345495232233053
early,LR,none,1,next5,-0.18979480363451456,-0.3254965981626402,0.139153816992416,0.0,-0.003452035548182175,-0.9273629456426005,-0.9421672401373338,0.01101532764543694,0.0,0.003788889368994519,-0.054512494765066886,-0.21231337851186285,0.16254308350672902,0.0,-0.004742200851952099,0.4759299811983319,0.32841254978538786,1.1540478029457462,0.6737994704096819,-0.0686004531533723,-0.06709948839538597,-0.0015009647579863664,-0.18979480363451456,0.09918890551810974,-0.11016315479886282,-0.11137808694429725,0.0012149321454344316,-0.19937082697288727,1.2478123496593956
early,LR,none,2,first5,-0.5282030998272222,-0.5621973037015243,0.03334712278939359,0.0,0.0006470228770196875,-0.93137870866512,-0.9593219966542149,0.019860792742864123,0.0,0.008082400057900178,-0.25733841638575605,-0.30126959879906445,0.04802207920219331,0.0,-0.004090930179533353,0.6030848149245718,0.3012997414046969,1.976369896535979,1.4247162764951533,-0.2155101911956098,-0.21156493871435117,-0.003945252481258649,-0.5282030998272224,0.20275587561646558,-0.195850076211418,-0.19505140471447327,-0.0007986714969447347,-0.3410878087205779,1.329698087225506
early,LR,none,2,last9,0.05161864128936723,-0.20932147857519331,0.2612252592369478,0.0,-0.0002851347231018456,-0.5723315058259538,-0.631305324893663,0.060366084370399205,0.0,-0.0013923103802018003,0.1582668377306771,-0.13659193851504264,0.29491896345545826,0.0,-6.017392814982188e-05,0.3771457240357955,0.3100783204917048,1.0584066773751324,0.8499321605492125,0.016899161249278396,0.01645448855171187,0.0004446726975665013,0.05161864128936725,0.06319221910262701,-0.054344898965071664,-0.054172435826095815,-0.00017246313897582402,-0.09395575701336607,1.3469162708307008
early,LR,none,2,next5,-0.1657230595627005,-0.2962740335390146,0.1310379551156757,0.0,-0.00048698335553485765,-0.7325853640108473,-0.7541423634166268,0.020482107964796388,0.0,0.0010748266756842513,-0.029528216304590328,-0.18469518181881134,0.15607330833243252,0.0,-0.0009063300458075376,0.47051704532032446,0.34841924136531854,1.1707211540970006,0.7871197532372936,-0.05709224751079325,-0.05570079752060571,-0.0013914499901875386,-0.1657230595627004,0.1160972401471132,-0.09646253805069852,-0.09632660148593267,-0.0001359365647658704,-0.21741841530406886,1.2937616469269966
early,SNA,l2,0,first5,-0.25541030268553927,-0.32092744282687086,0.06393941784956267,0.0022723214279337664,-0.0006946273011843073,-0.42066765655512156,-0.4966901720001505,0.06977552300433441,0.0006273818866615015,0.005619564408234291,-0.11507266702606604,-0.17309621373530742,0.06109321988338966,0.0037120278166005377,-0.006781713997710381,0.5411741334231863,0.28943841518974056,3.8954455187836823,2.005584013042852,-0.09075819243675362,-0.08919043196944261,-0.001567760467311018,-0.25541030268553927,0.18759133424411636,-0.03986204956290295,-0.042247935563546904,0.0023858860006439496,-0.12101332877187503,0.727269025353918
early,SNA,l2,0,last9,-0.20237534954971015,-0.3002981813049421,0.08773852846634708,0.002068627915198279,0.008115658093868945,-0.40114756300170956,-0.4964448034626224,0.0893726994190857,0.0002387540216332964,0.005685750840133919,-0.06157241389215373,-0.16139990982801378,0.08664224786642138,0.0033526995801673545,0.009832544632381611,0.531563330541273,0.31818155675079907,2.184571029708527,1.37835407454764,-0.06061384023546398,-0.0592997045680633,-0.0013141356674006804,-0.20237534954971015,0.1490034711325642,-0.0024431194363227185,-0.002374238826917908,-6.888060940481321e-05,-0.1047496839120755,0.660730222263141
early,SNA,l2,0,next5,-0.1903879968140874,-0.24857159143056212,0.05802920263158673,0.0022553242447542793,-0.002100951501233768,-0.38398428790358696,-0.44108589111917595,0.05998503686136033,0.00013172410976186293,-0.003015196856229473,-0.06443174302634722,-0.12245029814323707,0.05595937958936555,0.003668928928458827,-0.0016097596470914088,0.5257479108636586,0.33434645152293996,2.140710559528138,1.3541866047081708,-0.05959133752946803,-0.05844874169659166,-0.0011425958328763954,-0.1903879968140874,0.13101163965495705,0.0006699507800901228,-0.0011704185976025682,0.0018403693776926967,-0.08153672101564816,0.6591504688719875
early,SNA,l2,1,first5,-0.2689721334852481,-0.3497345496806711,0.0798767305415968,0.0023120666772285603,-0.0014264141567439925,-0.48296034737980004,-0.57036644153177,0.08715285545897579,0.0009377316871882934,-0.000684552407839125,-0.07714013496954594,-0.1535264122533751,0.07491512905565659,0.0034259627581199187,-0.0019548242408236587,0.5654763010173082,0.28966365092201374,3.6206981580474435,1.8566728883012367,-0.10407757321524484,-0.10202097209255379,-0.002056601122691063,-0.2689721334852481,0.17445996732219954,-0.04471592027548604,-0.045415934980353546,0.0007000147048674989,-0.10266223897010907,0.6765384011175806
early,SNA,l2,1,last9,-0.21124055699556776,-0.29989935441088816,0.08634150894549414,0.0021180921821535334,0.00019918133518514599,-0.4107513566490322,-0.49127783394001234,0.08194041161952323,0.00032407339455223054,-0.0017380444318021546,-0.07858804730094279,-0.17172233723816738,0.08834980182441964,0.0033171058533623438,0.0014673820992783307,0.5473167255595194,0.3197212805568767,2.242307667194561,1.3054905527013423,-0.07309250034747843,-0.07188753763750806,-0.0012049627099703583,-0.21124055699556774,0.14382993520827847,-0.00646303699139247,-0.007141317577277724,0.0006782805858852549,-0.11192950157674313,0.6645135615849358
early,SNA,l2,1,next5,-0.18289809508225077,-0.2533457287775953,0.06852265164792067,0.002331117995216847,-0.0004061558155782836,-0.37453224128489826,-0.43816987824479925,0.05970275944496486,0.0002764063944948232,0.0036584286231691925,-0.06706670888670552,-0.1414952079800332,0.07329092105667048,0.0035474535202096673,-0.0024098816786978757,0.5174226303138442,0.32045898066231304,2.364024172493355,1.28812096205377,-0.06346288009437259,-0.062463181416995875,-0.0009996986773767283,-0.1828980950822508,0.14164676235744356,0.000977868760019801,-0.0010324390651506531,0.0020103078251704574,-0.06236253411074762,0.6562380891332729
early,SNA,l2,2,first5,-0.20292727393496154,-0.275790705417251,0.06810451841329299,0.0022644066949539443,0.0024944779642417205,-0.3464895069337581,-0.4252137505844704,0.06758400055916938,0.0005957892603372162,0.010544408756626341,-0.07059806211298901,-0.13496740980987085,0.06547402652372107,0.003792830397809353,-0.00489752272733143,0.5311887398638172,0.29612365303497257,4.031881088913094,2.651766828125707,-0.08096923972309823,-0.07979713084573531,-0.001172108877362916,-0.20292727393496152,0.19410566701749335,-0.03831025770898082,-0.04020179051341943,0.0018915328044386114,-0.10892880008607979,0.7094314060178609
early,SNA,l2,2,last9,-0.20208859850845506,-0.2630681414657664,0.05819759139632124,0.0024472434780644647,0.00033468400911565926,-0.4143872064466758,-0.4728956969440936,0.058354118434766455,0.0004960715925911333,-0.0003417440505743284,-0.0751457540308848,-0.13709451108837156,0.05757163620248013,0.003628054521842757,0.0007490544729430096,0.5373436885002367,0.32134572953399215,2.2093526906356225,1.3169322852057173,-0.07014291623265016,-0.06919945641796416,-0.0009434598146860172,-0.2020885985084551,0.14973121254585336,0.0008996705541169011,-0.0002883873993037609,0.0011880579534206642,-0.08148837071277663,0.665800282575723
early,SNA,l2,2,next5,-0.22953309832498675,-0.29049163709006876,0.06311922172055384,0.0022648941019977943,-0.004425593415190996,-0.43690116403969836,-0.5060218471602884,0.07366753281106016,0.0001668093684992099,-0.004713701085440649,-0.11547509192580785,-0.17149941949280675,0.0570744765667698,0.0033938356522075406,-0.004443986754817347,0.5398061238476493,0.32956613501505755,2.350553653692785,1.411457036979265,-0.09253029053738313,-0.09094288976369745,-0.0015874007736856582,-0.2295330983249868,0.14420303816768062,-0.010793350568411918,-0.01173047566884598,0.0009371251004340594,-0.0708147234748175,0.6632142563420261
early,SNA,none,0,first5,-0.32423288930244587,-0.43926530862979335,0.11289279166275609,0.0,0.0021395978209550366,-0.5768322213406856,-0.7388553942529523,0.15191452087095572,0.0,0.010108597048785046,-0.15624063810423466,-0.23656033248606345,0.08396786710999007,0.0,-0.003648186450575129,0.5485552340751757,0.3296841408124283,2.1773090938047823,1.4329407531966318,-0.11533027832581255,-0.11310481379534876,-0.0022254645304637965,-0.3242328893024458,0.17879332356467495,-0.09557606521331644,-0.09570391875582451,0.00012785354250809157,-0.1763220390199883,0.9177079368716908
early,SNA,none,0,last9,-0.12062751121676864,-0.2781667186810692,0.15106746467721044,0.0,0.006471738179219585,-0.385748586461598,-0.5026891862982111,0.10947038352291091,0.0,0.007470184877796766,-0.010141244213531249,-0.18444645671935117,0.16826012081367486,0.0,0.006045098051750345,0.4717461394878101,0.36892650617999223,1.2294410019398159,1.1986528750558707,-0.03563062929712402,-0.03501373417458799,-0.0006168951225360311,-0.12062751121676864,0.13874372016543246,-0.0022541007243305706,-0.0034375996415815604,0.0011834989172509974,-0.013337068297679507,0.8240136783153404
early,SNA,none,0,next5,-0.13893794508554308,-0.2698125439218193,0.13488058961824667,0.0,-0.004005996580316156,-0.3680935545143562,-0.4807601630511459,0.11873864210597815,0.0,-0.006072065066383501,-0.04738583252597246,-0.18542429127219667,0.14116335483901415,0.0,-0.0031248916804437286,0.47317943368675347,0.3679360227960289,1.2920443205708505,1.1126800897194271,-0.04227735142783887,-0.04160200788588656,-0.0006753435419523158,-0.13893794508554302,0.1253918906630738,-0.04415896219942191,-0.045000458185052813,0.0008414959856308999,-0.10355074739213181,0.8407851625701139
early,SNA,none,1,first5,-0.3006601350282358,-0.37910447900257516,0.08446642386070966,0.0,-0.006022109702959858,-0.5655785009579591,-0.6423440627472473,0.08229465584036894,0.0,-0.005529151809816266,-0.12867354948578472,-0.21531430412853916,0.09288668863694372,0.0,-0.006245945050087012,0.5373714343166779,0.33831797257737906,2.1666121171398003,1.4211349861435185,-0.12204405776949916,-0.11958801736941879,-0.002456040400080383,-0.3006601350282358,0.16688332201541528,-0.1105941268586782,-0.10980263081508992,-0.0007914960435882678,-0.16704359040750005,0.90666594059009
early,SNA,none,1,last9,-0.11171917163253402,-0.32235147600554903,0.2059534333104083,0.0,0.004678871757154602,-0.4901207980604213,-0.6353250230564007,0.14281723437718266,0.0,0.002386956640635533,0.008524763845218953,-0.22251073461137694,0.22557866274703647,0.0,0.005456847387662885,0.46396092445994275,0.3646239450961437,1.1901352586888012,1.0855325166286822,-0.03681018474053784,-0.03625219747114856,-0.0005579872693892364,-0.11171917163253402,0.1142122766188465,-0.007472533239767746,-0.008103404712816144,0.0006308714730483997,-0.011875026947307552,0.8229917951766947
early,SNA,none,1,next5,-0.07053282191084133,-0.2615452699293888,0.19783757545181418,0.0,-0.006825127141394471,-0.35223556069962614,-0.47082283128967484,0.11808274000027877,0.0,0.0005045052649677584,0.027970618924413847,-0.18666743302091288,0.22396591519476172,0.0,-0.00932785399897025,0.4604050869668603,0.3652041445664795,1.3148855812078755,1.2376458657136211,-0.03304915225519084,-0.03276501645521943,-0.0002841357999714092,-0.0705328219108413,0.12642016151086397,-0.048122562811482625,-0.049040269527327894,0.0009177067158452701,-0.05177915518324307,0.9080738359656386
early,SNA,none,2,first5,-0.343390991217247,-0.4184878220590331,0.07543999378542238,0.0,-0.00034320224745892854,-0.6137779365676567,-0.6991351887715889,0.07716354497900697,0.0,0.008193642071775835,-0.15750809520729384,-0.2239547138740834,0.0725065901700049,0.0,-0.006059993185023325,0.5621233795309847,0.3376574535939608,2.219645367202505,1.6593037446585797,-0.1386047485598247,-0.13618206749181994,-0.0024226810680047493,-0.34339099121724703,0.17842307238099056,-0.10073026324472231,-0.10013700489567201,-0.000593258349050302,-0.2081927538606026,0.9491700990240263
early,SNA,none,2,last9,-0.1273283014471475,-0.32179119981749693,0.19958068406726445,0.0,-0.005117793052881137,-0.4771759924565665,-0.5798589176598608,0.10733250570258693,0.0,-0.0046496233388568665,-0.00850864767491213,-0.23346888396251542,0.23027963407244004,0.0,-0.005319393108917833,0.4612617432262192,0.3679450232136132,1.1945737319146206,1.1242542621756049,-0.046153295901882246,-0.04546499716516475,-0.0006882987367175197,-0.12732830144714752,0.1205349553930386,-0.008080938573169974,-0.009118561590627183,0.0010376230174572103,-0.018603780814917745,0.8304520414211788
early,SNA,none,2,next5,-0.14325191120744393,-0.3202426471010645,0.17905470014947003,0.0,-0.002063977204086696,-0.5073405558101118,-0.6053260626219563,0.09645861692481358,0.0,0.0015268413205739525,-0.01646762481017826,-0.2198849411803907,0.20675160154522793,0.0,-0.003334285859822368,0.4812942481874461,0.3528938875293393,1.331383367915331,1.2661439794854188,-0.05044797293533625,-0.04936537759508351,-0.0010825953402527374,-0.1432519112074439,0.14212246331744036,-0.03383008793426527,-0.033864907651667844,3.48197174025699e-05,-0.04990281809239816,0.8958789371116211
late,LR,l2,0,first5,-0.23013671255110674,-0.2332939352532859,0.0031654998677535713,0.003640597942183964,-0.0036488974588379784,-0.44876900941656006,-0.4416805846531527,-0.001715018536123199,0.0002702409356857826,-0.0056436886309762626,-0.09057138057931066,-0.09996488028872243,0.005919799425173244,0.0057867101623640775,-0.0023130200151013944,0.5785374475234528,0.3246515806779377,2.287712660737524,1.5399413787143073,-0.08097054492199635,-0.07933110810194005,-0.0016394368200562906,-0.23013671255110668,0.14326592715239017,0.000982050466324017,0.001089976740042492,-0.0001079262737184769,-0.07131457872589267,0.7178842987032938
late,LR,l2,0,last9,-0.2824812064831208,-0.2762163385901755,-0.010321968581745404,0.0035350372642840517,0.0005220371288117597,-0.49744090878530145,-0.5013618911430526,0.002053751989303387,0.00043817776839400087,0.0014290045210537026,-0.14679448170479822,-0.13383099485111005,-0.01847975328957972,0.005511026602265821,5.227278610825524e-06,0.5960177466483496,0.3309199147860046,2.369715691672203,1.7163155006440864,-0.10103083235126185,-0.09920575551014642,-0.0018250768411154337,-0.2824812064831208,0.15127857228852928,-0.002167154891608915,-0.0018822126079775106,-0.00028494228363140563,-0.10235267206677695,0.7153492114506967
late,LR,l2,0,next5,-0.21960431148496556,-0.20783229711493623,-0.01755878773575573,0.003740763673888629,0.002045990391834751,-0.3704984505590993,-0.36927776458665545,-0.0010252232418286836,0.0002675521861866281,-0.00046304967069778647,-0.1276665063528854,-0.10954030581037855,-0.027563883652183995,0.005982102895686113,0.0034555702590143233,0.5784965389171396,0.33810815075948153,2.2443423475623243,1.4145712698805073,-0.07394094075843974,-0.07246195905291175,-0.0014789817055279846,-0.2196043114849655,0.13049270178022243,0.0007087048143750087,0.0010926432649740983,-0.0003839384505990889,-0.08216947070008013,0.6948921716601331
late,LR,l2,1,first5,-0.2349256722544939,-0.23517120377615944,-0.0003828987283782514,0.0034843167757614,-0.0028559122579385316,-0.3851005495006481,-0.3764888119833891,-0.0034074259437985727,8.280862235518895e-05,-0.005287160775971515,-0.1164364983533442,-0.12345853232532251,0.0014866105895793916,0.0061487223453591325,-0.0006133127134555982,0.580377788737766,0.335840067106873,2.316483695237256,1.4498814744253608,-0.08011188473827041,-0.07834273683675837,-0.0017691479015120414,-0.2349256722544939,0.13668967245463365,0.0022407468734130923,0.0018983139124287944,0.0003424329609842972,-0.01945916356863122,0.7335917905077554
late,LR,l2,1,last9,-0.18920769521257327,-0.19383345166767063,-0.0012061052083030602,0.0032572024394071203,0.002574637142141551,-0.3835924670011106,-0.3789103230273907,-0.004952919465647179,-3.6641494491227144e-05,0.0003073799875666516,-0.05298508179620263,-0.06381707520829133,0.0013544967765968098,0.005573214841748653,0.0039042701167742704,0.5467320820811774,0.3298810909924158,2.404075036241885,1.4653096286664007,-0.06496527745927883,-0.06356738568190852,-0.0013978917773703069,-0.18920769521257327,0.14144708190757188,-0.000982951684249453,-0.0005926341235972853,-0.0003903175606521678,-0.034145397073103614,0.7252115133299252
late,LR,l2,1,next5,-0.2371891416699469,-0.23622453993614362,5.89185468569918e-05,0.003215361670109694,-0.004238905531768504,-0.33053520885394294,-0.3321692195628187,0.005932511436001916,-0.00012850576774694312,-0.004170030650687046,-0.16150695663070155,-0.1587832899647874,-0.004491287228793621,0.00586323414081787,-0.0040956277418449346,0.6005937109348907,0.3430319318400316,2.3650245558798857,1.6321181429226628,-0.07750451816019352,-0.07586076235946979,-0.0016437558007237382,-0.2371891416699469,0.14178229730577413,0.007030342628833598,0.006509983878004123,0.0005203587508294735,-0.02010929772417875,0.7206910438925985
late,LR,l2,2,first5,-0.24586645620131317,-0.2706946167589233,0.01737391190545026,0.0038315105448525183,0.003622716063748322,-0.5045541206064372,-0.5118562169374792,0.006319967769722623,0.00039175401534776756,0.0005903281594165956,-0.10566171127140733,-0.1398450495630123,0.022938282530102546,0.005657174537298795,0.005587872256920506,0.5575813253569895,0.3436751514759719,2.2602913370216364,1.4317273596251843,-0.08030271135133887,-0.07876081640904964,-0.0015418949422892209,-0.24586645620131317,0.1405466892960352,-0.004495880733724094,-0.005116469127489592,0.0006205883937655018,-0.10564076298512089,0.7555046914031253
late,LR,l2,2,last9,-0.24180318732117165,-0.24127960280596822,-0.0026170780143513765,0.0039034767154203526,-0.0018100062262077306,-0.4206612866161596,-0.4236485482514641,0.0013542612846026555,0.00023811403700878576,0.0013948475154321278,-0.1344068894351034,-0.13137767949801815,-0.0053689492900407315,0.0060442348803762275,-0.0037045089911082827,0.5780604325993788,0.3279540071182743,2.2852821477310963,1.572354656740539,-0.08114822700963455,-0.07953164154538545,-0.0016165854642491073,-0.2418031873211717,0.13632600508722123,0.003730851682109649,0.002920297609409004,0.0008105540727006476,-0.08143907484225725,0.748340229554079
late,LR,l2,2,next5,-0.263592579230311,-0.26041841927522136,-0.010527064932402665,0.004007367253630918,0.003345513251228639,-0.373824198884992,-0.37926813465090337,0.0008228509162814543,0.0001627542649811152,0.004458293891559121,-0.1997413475329047,-0.1918868785343349,-0.016784186634895743,0.0061686385308131145,0.0027610617390057737,0.6114923240673227,0.33404080697692373,2.365514500619567,1.5738082632971935,-0.08970386682972946,-0.08799545458999398,-0.001708412239735481,-0.263592579230311,0.15109518993200702,-0.0011029240417465864,-0.0011713884833207734,6.846444157417863e-05,-0.08335735101931596,0.7569630302136414
late,LR,none,0,first5,0.05232356325495594,-0.21863970198807742,0.2681161177796233,0.0,0.002847141227552512,-0.44035326995471963,-0.5342378089695703,0.09232916709282507,0.0,0.001555315684084533,0.12661091938849028,-0.17037942475317622,0.294043217119342,0.0,0.0029471280566343177,0.3852855036216711,0.3248935984786397,0.9989579490108079,0.868301389794032,0.01607119130409096,0.01588713372913908,0.0001840575749520179,0.05232356325495591,-0.006754818583681654,0.008885032111272385,0.011053194078576033,-0.0021681619673036058,0.01583156655950644,2.1333620094358987
late,LR,none,0,last9,-0.00046061927658956766,-0.251658986606348,0.25185689720363746,0.0,-0.0006585354156826671,-0.6308284919323888,-0.7027838854173551,0.06979790835389955,0.0,0.0021574301704750066,0.1105542839642054,-0.17193410465897438,0.28364980385667715,0.0,-0.0011614118634886142,0.386252250833062,0.33281555797674245,0.999432217034679,0.8332043576540186,-0.009361965860044317,-0.009557652354355116,0.00019568649431070086,-0.00046061927658937033,-0.009662969601425134,-0.029535991837178994,-0.025903610716094348,-0.0036323811210847126,-0.10283642169387772,2.4910071214582965
late,LR,none,0,next5,-0.009291961559422088,-0.2202575112926078,0.2070557200745192,0.0,0.003909831677007189,-0.5269014266158801,-0.5986401583316218,0.06972064826475743,0.0,0.0020180457284540926,0.06859020560406368,-0.16329668295223904,0.2276487222202747,0.0,0.004238174397353021,0.3852066871907289,0.3359340697682097,1.0014010840385061,0.8268488381320147,-0.006482825944792126,-0.006296997378590241,-0.00018582856620195655,-0.009291961559422291,0.008868681300825364,-0.03975587195853274,-0.03770245539719737,-0.002053416561335325,-0.09631223432301832,2.5551191852236563
late,LR,none,1,first5,-0.0017469720146917988,-0.21950249072931644,0.218631014030082,0.0,-0.0008755085534068831,-0.5705731916604886,-0.6460219371054943,0.07597518080361473,0.0,-0.0005265044419350794,0.0950076589106762,-0.14667248843740896,0.24262395686299776,0.0,-0.0009438132263382213,0.37330902452378767,0.3284274381648143,1.0071237310090038,0.8691933628827954,-0.005548934051778876,-0.005333778334618966,-0.0002151557171600871,-0.00174697201469165,0.040124197509328316,-0.02612912110637078,-0.022929114495191173,-0.0032000066111795623,-0.05539994961539234,2.129638594509752
late,LR,none,1,last9,0.034445353077239435,-0.2097017266253856,0.24688054898482484,0.0,-0.002733471360601739,-0.4539330983541496,-0.5572704490395733,0.10870220763081781,0.0,-0.005364913175101127,0.10809073624505978,-0.15669973610703622,0.2671727457507789,0.0,-0.002382267425310528,0.3670140924399822,0.32109747025836144,1.0004728096170585,0.924242735316342,0.007691607790802074,0.007673187876146435,1.8419914655778042e-05,0.03444535307723933,0.003473710187709934,-0.030792857072432116,-0.027131704404238337,-0.0036611526681938097,-0.08294728723458908,2.3003135145135407
late,LR,none,1,next5,-0.09227833306353442,-0.2530102259475136,0.1549335243913908,0.0,0.005798357329440141,-0.5449110226169156,-0.6164314619555044,0.07137437035402534,0.0,0.00014602308743140408,-0.017618774998555603,-0.19313381502178792,0.1687956954832198,0.0,0.006719339150168579,0.40735437493480003,0.3379995186034999,1.0094709708746874,0.8838820114673295,-0.03091460339290535,-0.03012606884936995,-0.0007885345435352075,-0.09227833306353447,0.057001879157855484,-0.008034140983893235,-0.00591006875743032,-0.0021240722264628865,-0.09464007811367922,2.279602681703114
late,LR,none,2,first5,0.046962907221175895,-0.20319524965292043,0.24868340942768463,0.0,0.001474749196933585,-0.5221275968727268,-0.6031949866483337,0.07943001532758837,0.0,0.0016373182366469015,0.11793802892636837,-0.15306376762466609,0.26943451935396295,0.0,0.0015672869822582736,0.3670670335780987,0.3222773351238882,0.9983148570862008,0.8264034287213505,0.00956432578122186,0.00879302147167893,0.000771304309542753,0.04696290722117604,-0.01025541564971757,-0.0314373591889936,-0.02877018661199431,-0.0026671725769992936,0.007192374906975019,2.2861151278743854
late,LR,none,2,last9,0.07459727415282087,-0.2358239251300699,0.3125388134258775,0.0,-0.0021176077264363764,-0.5816016612340962,-0.6899577773065442,0.11113534298929244,0.0,-0.002779256989223326,0.14594302340444082,-0.1864122976504875,0.33440824843015743,0.0,-0.0020529169611430854,0.3575598016397749,0.321494117485056,0.9879670306183027,0.7809782605326414,0.01698012918762506,0.016206441260469343,0.0007736879271558534,0.0745972741528206,-0.0805111893092952,-0.04986385589740561,-0.047029789222904274,-0.0028340666745013243,-0.08843155336074915,2.42793218546553
late,LR,none,2,next5,0.00021901290029928134,-0.27646507907850937,0.2812597364780867,0.0,-0.004575652227704187,-0.7040488779159848,-0.8160936433883192,0.11760174293342743,0.0,-0.005557063685519649,0.09412996990210128,-0.20402255011792284,0.30259533727710175,0.0,-0.004442814766182096,0.3735216102963842,0.3185939939745971,0.9982571123255383,0.79674285027604,-0.011494132036798454,-0.011335381375004071,-0.00015875066179432684,0.00021901290029884278,-0.011974078711561554,-0.029171347274677385,-0.02572865123231862,-0.003442696042358878,-0.03177493240137288,2.288730296928972
late,SNA,l2,0,first5,-0.21646802811164717,-0.25813898008272484,0.041210869934604384,0.002278348294343923,-0.0018182831723813832,-0.415047182527438,-0.4326919077886887,0.01864483323491676,0.0005220150866482189,-0.001522159294814326,-0.08544046705415984,-0.1420775677493263,0.055211311583544885,0.003417692977350826,-0.001991908125548018,0.5578626615211038,0.33690390156624506,2.0505264188859895,1.2333845498085552,-0.06471753426208651,-0.06311875495731856,-0.001598779304767959,-0.21646802811164717,0.13975019105656875,-0.0015613953385568758,-0.0010077611153488208,-0.0005536342232080639,-0.10947108776741028,0.6629424898881731
late,SNA,l2,0,last9,-0.22688767813955238,-0.29729017054308265,0.06760927584751458,0.002141516341616017,0.0006516788921127905,-0.393924461398155,-0.465731953196244,0.06909738020952595,0.00027277725074505534,0.0024372978560075454,-0.10347234085278705,-0.17264202114066085,0.06635381083691336,0.0035196344308201202,-0.0007037750945227096,0.554180793491295,0.324478644670642,2.095698663247281,1.261454054019014,-0.07715098388221826,-0.07572498335459787,-0.001426000527620393,-0.22688767813955238,0.14975388013076388,0.003803381177096608,0.0037099943017992495,9.338687529735706e-05,-0.08551238446438807,0.6635670791121453
late,SNA,l2,0,next5,-0.12691425850007612,-0.16267759163581821,0.03113533251010888,0.0020893486120727675,0.00253864025067326,-0.26165284825573626,-0.292876618039611,0.025330614508265493,-3.37509516003484e-05,0.005926882698177556,-0.038886727720163036,-0.07768884801261519,0.035106141096016154,0.003455190961639736,0.00024078416423203852,0.5182399164480247,0.33165841196958523,2.1046869823740884,1.1946373939396389,-0.028811084636546625,-0.027997532219074396,-0.0008135524174722374,-0.12691425850007612,0.14200352628320984,0.0071564079252724845,0.0069838449165703755,0.0001725630087021271,-0.07199944067132448,0.6397025231246595
late,SNA,l2,1,first5,-0.16536271074468015,-0.2263934132057471,0.057125908705645025,0.0021222514883089856,0.0017825281594915534,-0.3469019154645979,-0.3883786095962286,0.04276626750391103,0.00036295029535638704,-0.0016525546240085183,-0.04410968282719188,-0.118890403310531,0.06741740979072637,0.0033030898352680743,0.004060218213544792,0.5206180490816601,0.32709437536546904,2.0625122372816422,1.1120733294440268,-0.04721502963196261,-0.046170502489610285,-0.001044527142352307,-0.16536271074468012,0.13905641098694063,0.0023100589951539573,0.0018227891023310018,0.0004872698928229509,-0.06605918158397378,0.6697480256605765
late,SNA,l2,1,last9,-0.14949825792846128,-0.22879741486854874,0.07561176835964781,0.0019480880914163065,0.0017392882395654166,-0.3284821003854207,-0.37947213390908036,0.048997083369685474,2.562252114953303e-05,0.0019672984012654537,-0.014475013138991598,-0.11577266973916862,0.09659938221406203,0.003381893449972363,0.001316381520183122,0.5267330974850847,0.3166222642005295,2.146087596625467,1.227410221460032,-0.0493880381827895,-0.04860856568600856,-0.0007794724967809279,-0.14949825792846128,0.14462653761774127,-0.0031452388310873277,-0.003122933234648576,-2.2305596438753567e-05,-0.07666693420124135,0.6667427605985276
late,SNA,l2,1,next5,-0.1724038287889682,-0.22511125400514898,0.05415337022881413,0.002052618320488445,-0.0034985771576557592,-0.28546200170641894,-0.34782834072779356,0.06557611762374188,3.961014459771138e-05,-0.0032494150144569307,-0.09033097986429998,-0.135743383361572,0.04573728439521831,0.003403612486816569,-0.003728498277145049,0.555277040593701,0.3320793395922933,2.0888784848404742,1.275168352638646,-0.056577661922046815,-0.05557223464693188,-0.001005427275114925,-0.1724038287889682,0.13942923725081338,0.009675660541179312,0.008490881531048294,0.0011847790101310236,-0.040827209013332345,0.6476561387167914
late,SNA,l2,2,first5,-0.1607886221898146,-0.26749751994744914,0.10190471216396566,0.0022719920055624065,0.0025321775851654786,-0.3918351955809548,-0.47205383888709224,0.07672968993124533,0.000544985679577348,0.002943927865589125,-0.012689659393889274,-0.13446001205163804,0.11593152255415069,0.0033654539851079635,0.0024733754017736607,0.5246232482995007,0.3199439804831751,1.958685614633731,1.0896496846649044,-0.050564250512322675,-0.04966689018816155,-0.0008973603241611277,-0.1607886221898146,0.13098765969941478,0.004285347539484019,0.004057572850451796,0.0002277746890322306,-0.06947615283249922,0.6798455875292284
late,SNA,l2,2,last9,-0.16081645356844748,-0.2542150369459617,0.09083138775173329,0.0021684749725856055,0.0003987058656405231,-0.3396015178263014,-0.41665847822431323,0.07637564935220698,0.0002987062658988704,0.0003825731864166081,-0.03864498153018006,-0.14140974619615926,0.0988201468372254,0.0034314727926810663,0.0005131417636418099,0.5262419150941681,0.31831287477378767,2.08672267440721,1.24194843178961,-0.05320195362374291,-0.05230802243964551,-0.0008939311840974069,-0.16081645356844748,0.14748956392755436,0.00022805266575030692,0.0003167562311015621,-8.870356535125131e-05,-0.07260936123374372,0.6821402033346113
late,SNA,l2,2,next5,-0.19469792878813558,-0.2617752347042856,0.05644708969727093,0.002129181965865539,0.008501021251704582,-0.3459423973579261,-0.39104165765641025,0.03820810399385009,0.00020484196705817387,0.006686288602228957,-0.08867097558537922,-0.17191768065881008,0.0699901527316037,0.003469760352348758,0.009786787880459936,0.5562619324775651,0.33436410890061696,2.097239456810711,1.2436867940013565,-0.05518379468044465,-0.054188830148559894,-0.0009949645318847616,-0.19469792878813558,0.156977268895221,0.0005427252863358545,0.00033984036540488647,0.0002028849209309555,-0.12179258141597564,0.7098118941235743
late,SNA,none,0,first5,-0.14538914737553688,-0.36283732715357786,0.2137459253339824,0.0,0.003702231957814233,-0.49598863411353394,-0.603826655459122,0.10730048552651625,0.0,0.0005374817763751996,0.020122235426020832,-0.24893259584464023,0.26388216591802777,0.0,0.005172657556686568,0.46255079682416433,0.39145517716896183,1.0324994816815096,0.8803199743990289,-0.04653600310649066,-0.04563055578233475,-0.000905447324155828,-0.14538914737553685,0.08212942530555019,-0.0020868263279142153,-0.0030726444954223054,0.000985818167508115,0.007562571967187348,0.9755912102950465
late,SNA,none,0,last9,-0.11453931616590668,-0.3934419174006003,0.27895169155376703,0.0,-4.90941992452535e-05,-0.5027558042851951,-0.652180278117981,0.14864979664656836,0.0,0.0007746465555722163,0.05547794199014644,-0.2792563588886694,0.3351917740757739,0.0,-0.00045746549747384635,0.4509870217649508,0.3802776899828983,1.0315764529150266,0.8673701001035334,-0.04666811182314723,-0.045768985460574334,-0.000899126362572941,-0.11453931616590671,0.0847259200205485,-0.014280603119136703,-0.013937219341870977,-0.0003433837772657467,-0.004847510337294309,1.0531286206000263
late,SNA,none,0,next5,-0.16259531854991544,-0.35238283562463063,0.18607413463776054,0.0,0.003713360305835213,-0.4284161983153637,-0.5358983516351202,0.1043845567915332,0.0,0.0030975624994563624,-0.038758389336594694,-0.26670385733661306,0.22386820757533527,0.0,0.004077244013419852,0.48036957780704687,0.39525363659095397,1.0502061408704342,0.939465916205856,-0.0569361419385066,-0.05601453392528917,-0.0009216080132173371,-0.1625953185499155,0.12878734634740124,-0.021524454112447522,-0.022228087115850025,0.0007036330034025012,-0.053252507855600185,1.03185226629937
late,SNA,none,1,first5,-0.05784523579735816,-0.33910971699546855,0.2819391353211297,0.0,-0.0006746469206257353,-0.4474825337874164,-0.6034595907148508,0.15912961958647584,0.0,-0.003152580902903975,0.08507061390709773,-0.24198424915407452,0.3268207595822671,0.0,0.00023411998767815592,0.426428334702978,0.3822284854644096,1.0340798572539012,1.047963680512695,-0.021973784625213977,-0.021666258885092615,-0.00030752574012149166,-0.05784523579735823,0.1072068577205811,0.025665526004561335,0.024903625106142968,0.0007619008984183892,0.10935470283105286,1.0126018124914622
late,SNA,none,1,last9,-0.07365512102446997,-0.33537075229316515,0.2618717176633686,0.0,-0.00015609540274802344,-0.4168987750857945,-0.5644852782729268,0.14784047119315152,0.0,-0.0002539977197934766,0.0734679625392414,-0.2369637727044814,0.3105496188549236,0.0,-0.00011788387784666905,0.44109523235949777,0.3845985519387204,1.0458632036878766,1.0710415022559694,-0.025555298024235357,-0.02515246595631461,-0.0004028320679208265,-0.07365512102446993,0.15398152340922244,0.0007125429434785434,0.0002639093724428301,0.0004486335710357202,-0.03171265244521762,1.039051449503803
late,SNA,none,1,next5,-0.13041545591309914,-0.3603020144167691,0.2314346093253692,0.0,-0.0015480577080735202,-0.4379651964654972,-0.5844769226990996,0.15049281550743418,0.0,-0.003981114746452936,-0.001015365696084397,-0.2666022108396612,0.2662753372815939,0.0,-0.0006884911666483052,0.4646828784201812,0.3860514144633177,1.0389528121901672,1.0453763835081458,-0.0488984017154019,-0.04768339102935197,-0.001215010686049936,-0.13041545591309917,0.12523049473298267,-0.014704570633549085,-0.015053377359014774,0.0003488067254656925,-0.028721019708925155,1.001416493626652
late,SNA,none,2,first5,-0.07054445661399744,-0.3123887032299315,0.2391521316266309,0.0,0.0026921034129251007,-0.42418927249975774,-0.5612734848333811,0.1366645344379697,0.0,0.00041964576631032364,0.05656249417936041,-0.22357844626749196,0.2764898602273215,0.0,0.003651076071388885,0.4410989276724374,0.3894596634029589,1.035010881622592,1.0196871147613897,-0.024805349678753297,-0.024695091241758636,-0.000110258436994627,-0.0705444566139973,0.11326123414926456,-0.008288272834663291,-0.007985200658080727,-0.0003030721765826458,-0.01102685160311676,0.9398121979597596
late,SNA,none,2,last9,-0.15832240137017017,-0.3884582207657362,0.2326827630045363,0.0,-0.0025469511275683786,-0.5182071425004986,-0.6626071132828437,0.14658227788989536,0.0,-0.0021823488071073096,-0.005273986761532071,-0.27169481782540594,0.2690642967825503,0.0,-0.0026434587301188326,0.47127197758662503,0.38401138929704237,1.0318502047715497,1.0161879864380243,-0.06594398920819147,-0.06473507902097014,-0.0012089101872212874,-0.1583224013701702,0.11502469800141185,-0.004654550206215389,-0.00451555512029484,-0.0001389950859205176,0.03509242890498868,0.9923434009274289
late,SNA,none,2,next5,-0.16338670708512107,-0.41202007933227025,0.24836999233635967,0.0,0.0002633675958353003,-0.563930380796027,-0.7094305903810285,0.14403831482015367,0.0,0.001461843619504728,-0.005497231400901019,-0.2943184148788885,0.28903805063916027,0.0,-0.00021686410615463954,0.4583450629913157,0.3872888622669351,1.047126219927431,1.0596013840917289,-0.05572809004915626,-0.05440905084207341,-0.0013190392070828237,-0.163386707085121,0.1594017818739797,0.01665836242895922,0.015945929888762755,0.0007124325401964598,0.019395355595251917,1.0600259307471183
