arm,iv,receiver,step,n_per_boundary,pos,pos_equalunit,neg,neg_equalunit,l2,l2_equalunit,pre,pre_equalunit,actual,actual_equalunit,rounding,rounding_equalunit,fraction_down_at20
LR,l2,negative,1,31248.473684210527,-0.006046622185156589,-0.008980178746328407,0.0001600829696041312,0.0003149080882194126,4.288864880719083e-05,3.314972467679012e-05,6.539950842351251e-05,2.5181669229886173e-05,-0.005171406844761958,-0.00899392687280018,-2.9828841446878563e-10,-3.20038368952611e-10,0.6369497362504121
LR,l2,negative,2,31248.473684210527,-0.015804968959693234,-0.02252995084655031,0.0007415893399082866,0.0009375135068713134,0.00012448076279488406,9.636438271618955e-05,0.000120017150589168,4.708669195706053e-05,-0.013335498019628278,-0.021538097580248085,-6.733830661645034e-10,-8.392247835035105e-10,0.6369497362504121
LR,l2,negative,3,31248.473684210527,-0.027196115461711797,-0.03670035541267793,0.0020444432642221545,0.0021862385517928836,0.0002414896571303383,0.00018734953051223956,0.00016763729781684496,6.534758948547988e-05,-0.022786597414869512,-0.035461714040153046,-1.0205479486127167e-09,-1.2773587070571096e-09,0.6369497362504121
LR,l2,negative,4,31248.473684210527,-0.038997124024274334,-0.05038874844830086,0.0037006399732633422,0.003696642362423366,0.0003911102535224562,0.0003043528695596951,0.00020753970572740438,7.97070793855951e-05,-0.032843031051490106,-0.04793547505443724,-1.0157054214007922e-09,-1.5469793116369555e-09,0.6369497362504121
LR,l2,negative,5,31248.473684210527,-0.049010367935002054,-0.06550242199644284,0.005271056210438069,0.005168664473444511,0.0005705807382150664,0.0004456440878093118,0.00024242585916030152,9.079732882229245e-05,-0.042908274518894285,-0.060033231071058325,-6.815235808796745e-10,-1.43316014724245e-09,0.6369497362504121
LR,l2,negative,6,31248.473684210527,-0.058534134382689194,-0.07936046733489817,0.006294847125451773,0.006146112099944971,0.0007772995554357796,0.0006094627843104382,0.00027350811126204764,0.00010035511814772229,-0.051163200141677176,-0.07310928060774592,-5.728556620668108e-10,-1.1726437428493077e-09,0.6369497362504121
LR,l2,negative,7,31248.473684210527,-0.0668035734617017,-0.09096559486236462,0.007001438306561514,0.006376696625946904,0.0010090804164330307,0.0007943996362397723,0.00030022293110885083,0.00010799705079932966,-0.05845880571753028,-0.08624258808266569,-2.344967850527317e-10,-6.140880961974498e-10,0.6369497362504121
LR,l2,negative,8,31248.473684210527,-0.07392057388699991,-0.10231583724550275,0.007287391969410844,0.006653451976048555,0.0012653754114621094,0.0009993328694805547,0.00032303377988200817,0.00011448458177045486,-0.06475287227197529,-0.0975673405718536,5.614427492805903e-10,2.1808933480449098e-10,0.6369497362504121
LR,l2,negative,9,31248.473684210527,-0.08089993649519288,-0.11569295392940444,0.007028551065321027,0.0066263813460856105,0.0015476650701450466,0.0012229036727825337,0.00034261109752845123,0.00011868836829850401,-0.07103644459092963,-0.11098322958462309,1.0654153829701664e-09,1.2154640182816865e-09,0.6369497362504121
LR,l2,negative,10,31248.473684210527,-0.08879763641385806,-0.12802018830196538,0.006727047548953441,0.006510881323939702,0.0018522926852155026,0.001464431371301425,0.0003592174669233366,0.00012198969636400541,-0.07851841373869073,-0.12272109473768436,2.0292516461465004e-09,2.4735866178294993e-09,0.6369497362504121
LR,l2,negative,11,31248.473684210527,-0.0939198913230378,-0.13993388120048134,0.006096022567366709,0.006109243152123173,0.0021775428037629115,0.001723128141964698,0.0003740458318368457,0.0001243022489273533,-0.08514546409701826,-0.13209817812330216,3.1227610331772284e-09,3.735128818746968e-09,0.6369497362504121
LR,l2,negative,12,31248.473684210527,-0.09789826303183517,-0.14864902442147124,0.005094347846339316,0.005438891401692442,0.0025220243265805576,0.001998331796431886,0.0003867900123651292,0.0001258290193941741,-0.08976152792907198,-0.1412098108780496,4.015315490540301e-09,5.09468762112017e-09,0.6369497362504121
LR,l2,negative,13,31248.473684210527,-0.10054268674986282,-0.1552476158742877,0.0041594217790654345,0.004770767995658146,0.0028843007361481782,0.0022893226918682128,0.00039752831452491107,0.0001269891377087572,-0.09296152162636162,-0.14818723045223264,4.6628380234778506e-09,6.7277501127889655e-09,0.6369497362504121
LR,l2,negative,14,31248.473684210527,-0.10269645058188531,-0.16396962587897831,0.0036304181044092107,0.004430415339138857,0.0032628811403106125,0.002595318851682771,0.00040687824786412213,0.00012779785781872382,-0.09525081381664373,-0.15339714369239185,5.640098402333518e-09,8.335338397776476e-09,0.6369497362504121
LR,l2,negative,15,31248.473684210527,-0.10363596231474681,-0.1727216123106537,0.0033586008369302194,0.004288987697454394,0.0036563073055864564,0.002915542220356834,0.0004150252732646762,0.00012827394714496362,-0.09982287809572032,-0.16183524350910766,6.82345996809714e-09,1.0151111712170062e-08,0.6369497362504121
LR,l2,negative,16,31248.473684210527,-0.10529220856489753,-0.18073257623500733,0.002342624875340754,0.003917740431952973,0.0040631306962026085,0.003249005874469106,0.00042214464800248533,0.00012849475511391277,-0.10480228696708065,-0.17045000151535716,7.958798752269152e-09,1.1807054699314155e-08,0.6369497362504121
LR,l2,negative,17,31248.473684210527,-0.10648375370882976,-0.18677819721255837,0.0011677740303657948,0.0035206749463782797,0.004482191343841077,0.0035947426030999378,0.00042834929483761305,0.00012847059222468685,-0.10970982912401228,-0.17699092381282333,9.201655796983262e-09,1.362124752522036e-08,0.6369497362504121
LR,l2,negative,18,31248.473684210527,-0.10932013051941268,-0.19180495285542834,0.0001542837996466765,0.0029424573659999394,0.004912174495620888,0.003952303804921164,0.0004337126410770416,0.00012814613500814352,-0.11586872659897206,-0.18238778590640564,1.0358439551454067e-08,1.5183803565291014e-08,0.6369497362504121
LR,l2,negative,19,31248.473684210527,-0.11438843619960998,-0.19556220410182187,-0.0005045598085991923,0.0022253126969663285,0.005352081165395893,0.004321016747794864,0.0004383250253591512,0.00012761229989059964,-0.12224352129282438,-0.18628608217675266,1.1752606988581888e-08,1.6855418956372882e-08,0.6369497362504121
LR,l2,negative,20,31248.473684210527,-0.11852657285028922,-0.19833428152032093,-0.0009236875860175045,0.0015340254819278007,0.005800985052980152,0.0047005792250968655,0.0004423204768240454,0.00012707898540486516,-0.12696525105285072,-0.18903733084011948,1.2877091074568366e-08,1.8426468076725898e-08,0.6369497362504121
LR,l2,positive,1,19951.526315789473,-0.019085315295720683,-0.011702193576867314,0.0004795681076182518,0.0001993920666458733,-9.118231952653944e-06,1.6590382322592816e-06,-0.00010170831158482453,-7.394993701742481e-05,-0.01835169760751363,-0.011922684865916612,-6.856754555435945e-10,-5.575222382861831e-10,0.7008768113768754
LR,l2,positive,2,19951.526315789473,-0.048815868165223965,-0.029468417865631914,0.0009950760562747356,0.0005265220336552091,-2.50672949293441e-05,5.671953834465495e-06,-0.00019204020904058151,-0.00014104923795713585,-0.047357159479867086,-0.030294619162848813,-1.933606493306544e-09,-1.2647304532218891e-09,0.7008768113768754
LR,l2,positive,3,19951.526315789473,-0.08418452051350281,-0.04907400359522784,0.0014814839758191204,0.0012944826209663955,-4.554022479873446e-05,1.3128527990996781e-05,-0.00027552344718826944,-0.00020299224590967355,-0.08170309347241314,-0.050342035696258516,-3.0636568834776963e-09,-2.120208809361466e-09,0.7008768113768754
LR,l2,positive,4,19951.526315789473,-0.11860573621546877,-0.07104392017835577,0.0019188658077927887,0.0020999482384519,-6.819586806665447e-05,2.5126083291808434e-05,-0.0003522413989436629,-0.000260485384307536,-0.11513023622259058,-0.07050290228286625,-4.030215808754168e-09,-2.4848989282893458e-09,0.7008768113768754
LR,l2,positive,5,19951.526315789473,-0.1541550584143904,-0.09377715448643703,0.002308510641818279,0.0024699529483013043,-9.099780238920099e-05,4.253698010806529e-05,-0.0004224068975024506,-0.0003137777524155779,-0.14973003923129077,-0.09199849021409753,-4.199341317832221e-09,-2.144603922959543e-09,0.7008768113768754
LR,l2,positive,6,19951.526315789473,-0.1875756370776652,-0.11471289368376852,0.0026082540480053015,0.002585445233959442,-0.00011207696678014908,6.603898043205269e-05,-0.00048520760864011376,-0.0003618984563884089,-0.18220910938016258,-0.1129038594293388,-3.712471146227287e-09,-1.922276193134962e-09,0.7008768113768754
LR,l2,positive,7,19951.526315789473,-0.21927111365919064,-0.13513375358735136,0.002845062548039556,0.0024841502241708144,-0.00012979464164875783,9.633304560959076e-05,-0.0005413411139316267,-0.0004058762302543111,-0.21318843585882705,-0.13167762002437391,-2.4568969621682205e-09,-1.2962545854964149e-09,0.7008768113768754
LR,l2,positive,8,19951.526315789473,-0.24869173472409994,-0.1527008168989937,0.0031185166049110926,0.00238788193586679,-0.00014281062554590812,0.0001339618210732578,-0.0005914632657372707,-0.0004454922801267176,-0.2420043677071386,-0.1486203103411888,-1.9496402291246955e-10,-3.0363913508763274e-11,0.7008768113768754
LR,l2,positive,9,19951.526315789473,-0.27616243953635405,-0.16878439053771932,0.0032126490031838956,0.0020057458773824403,-0.00014997724807605086,0.000179317084206967,-0.0006376431359196188,-0.0004824478158607106,-0.2690126610133439,-0.16483807186089647,2.019588914448133e-09,1.4027247355094105e-09,0.7008768113768754
LR,l2,positive,10,19951.526315789473,-0.30163128607163364,-0.18443106756057212,0.0031935088295870205,0.0015094596985359388,-0.00015067762575522676,0.00023291376266281516,-0.0006792354855365532,-0.0005159833035468823,-0.2941139610401381,-0.18082991248426572,4.975958979152457e-09,3.204526173609132e-09,0.7008768113768754
LR,l2,positive,11,19951.526315789473,-0.32589880648131064,-0.1979831145167062,0.003019820540871511,0.0007703987621768273,-0.00014426151476798802,0.0002951208475393623,-0.0007169761298739193,-0.0005466891369880676,-0.31816179484876295,-0.1975353905662058,8.188954268150286e-09,5.430214788610369e-09,0.7008768113768754
LR,l2,positive,12,19951.526315789473,-0.3464135021560867,-0.20925679991602744,0.0026852411963100052,-0.00019149965943152542,-0.0001302772467972809,0.0003663089678032576,-0.0007512894415687566,-0.0005747223679119705,-0.33849849739637966,-0.2110801051007949,1.1602229549830947e-08,7.451228613258228e-09,0.7008768113768754
LR,l2,positive,13,19951.526315789473,-0.364115654231585,-0.2177347821477984,0.0022360933387951414,-0.0011908521897225262,-0.00010842991097435745,0.00044665815860892526,-0.0007823406932350733,-0.0006001399097414495,-0.3561332717249923,-0.2235808486060727,1.553926956488924e-08,9.674972521047864e-09,0.7008768113768754
LR,l2,positive,14,19951.526315789473,-0.3798962498697572,-0.22698814275180335,0.0019085270135301231,-0.001966530652423275,-7.868267772865078e-05,0.0005360693491100717,-0.00081035041513029,-0.0006231542752063787,-0.37196673452532186,-0.23469403146462064,1.94087046010223e-08,1.1865736606641607e-08,0.7008768113768754
LR,l2,positive,15,19951.526315789473,-0.39366650809078507,-0.23536008956349347,0.00165465550903055,-0.0025150000434165675,-4.104912656415671e-05,0.000634464382843455,-0.0008357785601124324,-0.0006440435834343757,-0.3858921473979743,-0.24407192110192225,2.326761737154904e-08,1.4254415412287222e-08,0.7008768113768754
LR,l2,positive,16,19951.526315789473,-0.4059689141890821,-0.2423974402602494,0.00156169765203629,-0.0033202693947850534,4.299719313821655e-06,0.0007415965320335232,-0.000858565890510687,-0.0006628674948253295,-0.39869619920298593,-0.25200475518623766,2.6619731212139673e-08,1.6512001711970695e-08,0.7008768113768754
LR,l2,positive,17,19951.526315789473,-0.4155017751751707,-0.24823459717913718,0.001291918710570513,-0.004588330053242186,5.7116015782515384e-05,0.0008571246975204033,-0.0008792012746167008,-0.0006799584722096167,-0.4088368581600042,-0.2589069124287791,3.0236585925490894e-08,1.8973298681752162e-08,0.7008768113768754
LR,l2,positive,18,19951.526315789473,-0.42345521282732146,-0.2531542358374851,0.0009383091216292926,-0.005690215265286547,0.00011728396397785308,0.000981029902876774,-0.0008979338395176472,-0.0006955392424372514,-0.4173755655432895,-0.26506098924895793,3.3718634273401855e-08,2.1316753836034478e-08,0.7008768113768754
LR,l2,positive,19,19951.526315789473,-0.4303107963992661,-0.2573255983951171,0.000554479717102835,-0.00662067475018741,0.00018453454590103892,0.0011129638898566083,-0.0009148862743859525,-0.0007097495099927293,-0.42488324461799587,-0.2703843242441917,3.667933035565159e-08,2.331030162174345e-08,0.7008768113768754
LR,l2,positive,20,19951.526315789473,-0.4351820364318469,-0.25963530913476723,0.0002517136323142671,-0.007418404433857634,0.0002587140913012361,0.0012526353394688376,-0.0009301395167835222,-0.0007225631610547411,-0.4304127987896096,-0.27349753145675537,4.024118796205661e-08,2.5640998380077157e-08,0.7008768113768754
LR,none,negative,1,44227.52631578947,-0.0029567510611194976,-0.0043440000895013115,0.004078191389541852,0.0035836643937945615,0.0,0.0,4.840560143637017e-05,9.116843558748172e-06,0.001284025660431727,-0.001153288274887985,1.3319781098617062e-09,1.0326771684610094e-09,0.43899509652426866
LR,none,negative,2,44227.52631578947,-0.009196858924570972,-0.013370334996876924,0.0098096391519678,0.008653020125750132,0.0,0.0,9.244162293462285e-05,1.8348416462675324e-05,0.0006848521773174581,-0.0057893665737240455,-5.183999103011238e-10,-9.652901815463501e-10,0.43899509652426866
LR,none,negative,3,44227.52631578947,-0.01696886391309705,-0.02520642468422646,0.018731807359880642,0.016567886754662448,0.0,0.0,0.00013029927495387348,2.5124519905633917e-05,0.0022416476350470005,-0.00911279099303948,1.0824035193999575e-09,5.723295372437186e-10,0.43899509652426866
LR,none,negative,4,44227.52631578947,-0.026445189494010785,-0.038031551943288944,0.029793938162876607,0.026412169094714895,0.0,0.0,0.00016468945907652748,3.194278886752468e-05,0.004107031659348059,-0.012846203105299296,2.672164603140855e-10,-1.5882577453016612e-10,0.43899509652426866
LR,none,negative,5,44227.52631578947,-0.035459103499603274,-0.05069446011308389,0.043487723393039225,0.0386224398351564,0.0,0.0,0.00019493037093531158,3.758749616301137e-05,0.00868209089337237,-0.014059057322864452,7.581191010261559e-10,-1.1545515479301694e-10,0.43899509652426866
LR,none,negative,6,44227.52631578947,-0.04539578160279234,-0.06510080522256223,0.05885572721282773,0.05235393611771376,0.0,0.0,0.00022195219406824268,4.2751098647526276e-05,0.01419679077422013,-0.014354340762385611,8.642312688359207e-10,3.8647029688958206e-10,0.43899509652426866
LR,none,negative,7,44227.52631578947,-0.05559938809827549,-0.08071216951234,0.07526269170164955,0.0670633994451804,0.0,0.0,0.0002458725333411569,4.7144070150972265e-05,0.020479525959589306,-0.014074436091763875,-7.464494761238207e-11,-8.813378093254016e-10,0.43899509652426866
LR,none,negative,8,44227.52631578947,-0.06494901537755882,-0.09525366809239641,0.09281869404970147,0.08283517475260317,0.0,0.0,0.00026675484627299505,5.054988041286411e-05,0.02875711774101823,-0.011421699235687467,6.008683352212864e-10,1.7982578021952128e-10,0.43899509652426866
LR,none,negative,9,44227.52631578947,-0.07356647456141739,-0.10745741161883808,0.11080367534056576,0.09899586832830908,0.0,0.0,0.0002853376601205822,5.350641538458064e-05,0.03818865157799971,-0.007392266801501993,-1.9648506640138636e-10,2.4319063861506115e-11,0.43899509652426866
LR,none,negative,10,44227.52631578947,-0.08260700780853868,-0.11967636055055968,0.12884105698048842,0.11526122142724926,0.0,0.0,0.0003018036575551424,5.6036691270096344e-05,0.04724288153522026,-0.0032807505087285027,7.721407856094615e-10,7.590661496211132e-10,0.43899509652426866
LR,none,negative,11,44227.52631578947,-0.09155295276388047,-0.13124616164713468,0.14638172668988747,0.1311128295060504,0.0,0.0,0.0003163272944313597,5.812323058677135e-05,0.055957412148500384,0.0010595433281951924,-3.6083096771493146e-10,3.800373403745256e-10,0.43899509652426866
LR,none,negative,12,44227.52631578947,-0.10078081520259059,-0.14154021610732456,0.16454058405113892,0.14756517450887963,0.0,0.0,0.0003291283316405938,5.981892795629285e-05,0.06617134441647617,0.007270272634283366,3.9122809721266915e-10,1.455803966119463e-09,0.43899509652426866
LR,none,negative,13,44227.52631578947,-0.10930512262026917,-0.15157272872427505,0.18230123455420041,0.1637438652307825,0.0,0.0,0.0003405229027326389,6.121312760525028e-05,0.0759053504676902,0.013463492158512941,-7.988196702326016e-10,2.0661408578251583e-10,0.43899509652426866
LR,none,negative,14,44227.52631578947,-0.11757312410765473,-0.1608669341335022,0.19938753451351787,0.1793765657512539,0.0,0.0,0.00035058728333704536,6.231720176468785e-05,0.08554491002357019,0.019844479913050276,-2.3504987992483654e-10,1.1772196191452504e-09,0.43899509652426866
LR,none,negative,15,44227.52631578947,-0.12535011978664254,-0.1706144787385729,0.21586178044493284,0.19450358538881923,0.0,0.0,0.0003593967384218587,6.30938433680299e-05,0.09396623627708994,0.02526213719881212,7.632120786603465e-11,2.422148759223222e-09,0.43899509652426866
LR,none,negative,16,44227.52631578947,-0.13328290510475468,-0.18099811341157998,0.2304932386695089,0.20800987165043133,0.0,0.0,0.0003674408708701832,6.391579316368386e-05,0.09988806030005248,0.028419143133579773,-2.463957880049334e-10,2.615867702995374e-09,0.43899509652426866
LR,none,negative,17,44227.52631578947,-0.14149115833593107,-0.19145088287786835,0.24390672495150048,0.22044008418453206,0.0,0.0,0.00037456837481206055,6.458869395644743e-05,0.10455716892561555,0.030427310224242173,-4.955571694158207e-10,2.735514788401599e-09,0.43899509652426866
LR,none,negative,18,44227.52631578947,-0.1496719628252094,-0.20226579390057922,0.2549943982263542,0.23080581184853036,0.0,0.0,0.00038082935499684524,6.504661631008783e-05,0.10662218891266935,0.03000566737307809,-1.8311601866041071e-09,2.3337857838118942e-09,0.43899509652426866
LR,none,negative,19,44227.52631578947,-0.1594733505781027,-0.2139139629322096,0.2640492534361459,0.23936389570686334,0.0,0.0,0.0003864592194317442,6.544945079228886e-05,0.10589730983209707,0.026940287919414888,-3.329773020059642e-09,3.3207397554456184e-09,0.43899509652426866
LR,none,negative,20,44227.52631578947,-0.16925197265567613,-0.22525387948599018,0.27164778586358834,0.24662397537943187,0.0,0.0,0.0003914327784924758,6.572328459660066e-05,0.10373653582319044,0.022882511312553214,-3.98990805650048e-09,3.3796842357309162e-09,0.43899509652426866
LR,none,positive,1,6972.473684210527,-0.01575513177616668,-0.005801904891779233,0.0004411160872452194,0.0017721059849582338,0.0,0.0,-0.00026372337648511825,0.0001095392377770947,-0.015229447446292971,-0.004118182648936057,-1.3783145834065133e-09,6.096728276690481e-10,0.6570138332392029
LR,none,positive,2,6972.473684210527,-0.0452710706404936,-0.01783773031578947,0.0011579943819047145,0.003846564660434608,0.0,0.0,-0.0005064927533260649,0.00020826360120359283,-0.0447687822397097,-0.014257082773962374,-3.7501524606358075e-09,-7.905779464227977e-10,0.6570138332392029
LR,none,positive,3,6972.473684210527,-0.08508975831548543,-0.03296866260442271,0.0027182021451096416,0.006982411901115359,0.0,0.0,-0.0007232266137800337,0.00029499770726516594,-0.08321429051450943,-0.025241317977577293,-3.053323124042737e-09,2.5177271678749615e-10,0.6570138332392029
LR,none,positive,4,6972.473684210527,-0.126788546012984,-0.05032980991941277,0.005206200714074113,0.010781836099167545,0.0,0.0,-0.0009224724706790548,0.0003735634786180144,-0.12264674720134992,-0.03860692753047563,-6.1259525696494045e-09,-8.834375323827337e-10,0.6570138332392029
LR,none,positive,5,6972.473684210527,-0.16955932832109186,-0.06698940799255619,0.008933584173680844,0.015684120422555542,0.0,0.0,-0.0011004319048854069,0.0004430478821753326,-0.16009536176764913,-0.05061528006004183,-6.855337005325742e-09,5.638759740909596e-10,0.6570138332392029
LR,none,positive,6,6972.473684210527,-0.21608746121345512,-0.0827935793665507,0.013263020021725537,0.021900714462530346,0.0,0.0,-0.0012584349702798973,0.0005053570065738491,-0.2026422292955564,-0.06038750889455252,-5.200781347694515e-09,9.104311659445169e-10,0.6570138332392029
LR,none,positive,7,6972.473684210527,-0.26317527966247256,-0.09978085784275256,0.01754672128269533,0.028489270253011522,0.0,0.0,-0.0014012545483921086,0.0005607908275885835,-0.24547993823973757,-0.07073079656112957,-5.7639118678867124e-09,2.010228991381299e-10,0.6570138332392029
LR,none,positive,8,6972.473684210527,-0.31011955162285887,-0.11766237757234936,0.022186579774149038,0.03598919449538113,0.0,0.0,-0.0015298933888748553,0.0006097910541584806,-0.2875227714675082,-0.0793941843519338,-2.716169536117395e-09,1.935371275702433e-09,0.6570138332392029
LR,none,positive,9,6972.473684210527,-0.3519776641602,-0.13405861151884757,0.027171017548233267,0.043854390968956464,0.0,0.0,-0.001646896451617822,0.0006534089329805544,-0.3247848227255952,-0.08807746814293663,-1.1876283867016614e-09,3.218116981288732e-09,0.6570138332392029
LR,none,positive,10,6972.473684210527,-0.3880943601065319,-0.14898623802698108,0.03262412627187351,0.05246840064458364,0.0,0.0,-0.001750893730892753,0.0006924205520487413,-0.3577714646198951,-0.09450483592677028,2.622865132867829e-09,2.9987398116425186e-09,0.6570138332392029
LR,none,positive,11,6972.473684210527,-0.4200003373778059,-0.16287851347623103,0.03833466130546128,0.0613866335034475,0.0,0.0,-0.001845051171658391,0.0007271909616423348,-0.38769171278104286,-0.10026054479555858,6.609837091339492e-09,4.28297288930773e-09,0.6570138332392029
LR,none,positive,12,6972.473684210527,-0.4475240719061519,-0.17661666849435403,0.04456899022588998,0.07058593751139253,0.0,0.0,-0.001929299094863821,0.0007581676567707285,-0.4107101768859984,-0.10527255794750974,1.1494313565002307e-08,5.378681023895383e-09,0.6570138332392029
LR,none,positive,13,6972.473684210527,-0.4722343035493943,-0.18965399196961688,0.050881253041405436,0.08007925068412004,0.0,0.0,-0.002004097652687843,0.0007858281198785817,-0.4299872594636778,-0.10878890634167952,1.745666161003639e-08,6.823938698604688e-09,0.6570138332392029
LR,none,positive,14,6972.473684210527,-0.49461440432158876,-0.2019542656695218,0.05729245793655323,0.0897375778295812,0.0,0.0,-0.002069915319263086,0.0008104870728235626,-0.4467098372347079,-0.11140619275321098,2.2102351757104886e-08,8.013906099327088e-09,0.6570138332392029
LR,none,positive,15,6972.473684210527,-0.5165822512881542,-0.214508281865085,0.06375009651313211,0.09948388272890517,0.0,0.0,-0.0021294092190457157,0.0008323775326317468,-0.462979845395473,-0.11279890153446832,2.7062593699378576e-08,1.0065195686628131e-08,0.6570138332392029
LR,none,positive,16,6972.473684210527,-0.5389370826182581,-0.226761675395076,0.06993394522583914,0.10853829096859828,0.0,0.0,-0.002182815864466733,0.000852246041770829,-0.47990081101243176,-0.1148789990599239,3.2248515238343075e-08,1.1300460648728338e-08,0.6570138332392029
LR,none,positive,17,6972.473684210527,-0.561258704989625,-0.23883968396696553,0.0756766190096737,0.11700042149534119,0.0,0.0,-0.0022308699276511086,0.0008700717676257976,-0.49700677690088674,-0.11779553321962899,3.7120639342516975e-08,1.2293656930926444e-08,0.6570138332392029
LR,none,positive,18,6972.473684210527,-0.5842793617400001,-0.2502923680401491,0.08114628239707784,0.12464197867588724,0.0,0.0,-0.002274022706989937,0.0008859794560998759,-0.5152020660986715,-0.1212460212318152,4.314603820134895e-08,1.4216183528037927e-08,0.6570138332392029
LR,none,positive,19,6972.473684210527,-0.6087215539305678,-0.26048134641978454,0.08587085792877404,0.13143131949424003,0.0,0.0,-0.0023128870428780124,0.0009001966116554303,-0.5351964131603374,-0.12490050808646408,4.659205306596436e-08,1.7146228817132598e-08,0.6570138332392029
LR,none,positive,20,6972.473684210527,-0.6310234108032716,-0.2707432967741159,0.09026671707713478,0.13794822095326642,0.0,0.0,-0.0023480021130196666,0.0009128554202606023,-0.553354205802342,-0.12774786659968132,5.1727915937951334e-08,1.787817755355606e-08,0.6570138332392029
SNA,l2,negative,1,30321.157894736843,-0.004156309499487761,-0.008064538756443135,0.003656699985356901,0.0033791771597629135,2.850874457675167e-05,2.18152125547903e-05,9.05729969366272e-05,9.689712915933528e-05,-0.001532511112753355,-0.005816111215151246,1.3680903505326046e-10,-4.439849687373976e-11,0.547829917913964
SNA,l2,negative,2,30321.157894736843,-0.010332549723597541,-0.02002230396873778,0.010237764131539338,0.008912192610089196,8.217385122081447e-05,6.323844799148684e-05,0.00016936030418463637,0.00018183202437426854,-0.0029119621037191298,-0.01360621754726194,2.899048941296021e-11,-5.115402802181951e-10,0.547829917913964
SNA,l2,negative,3,30321.157894736843,-0.017377656497173603,-0.03351814613059511,0.018392322917913845,0.01579551237681425,0.00015832511458975553,0.00012246737925701416,0.00023921872504018224,0.00025702951946179084,-0.0038778493249482294,-0.022281414018760593,3.548442410779765e-10,-4.0324733405083015e-10,0.547829917913964
SNA,l2,negative,4,30321.157894736843,-0.024297869530967048,-0.04650508934766407,0.027900243176733324,0.023859070682513608,0.00025444934521734344,0.00019809175793168016,0.00030030408310156376,0.000322676929209916,-0.0029869409152020613,-0.029510322917502288,3.8671275358688835e-10,-5.149625377119918e-10,0.547829917913964
SNA,l2,negative,5,30321.157894736843,-0.03074570135999098,-0.058485017765851764,0.037469450390749975,0.0320130118644866,0.0003683710517415412,0.0002888373846930848,0.00035441493533026875,0.0003803819371483526,-0.0018027203127983804,-0.03500295138237526,4.768283804836924e-10,-2.405058126090138e-10,0.547829917913964
SNA,l2,negative,6,30321.157894736843,-0.0385269173744806,-0.07282653829807732,0.04695366278894484,0.04006565757297628,0.0004981925580221685,0.0003934524128850223,0.00040271522749564195,0.0004321084434370293,-0.0009944414803961174,-0.04318235976259716,3.8085735666126107e-10,-2.146814768951529e-10,0.547829917913964
SNA,l2,negative,7,30321.157894736843,-0.04688920859980248,-0.08763661146401835,0.05475960912762036,0.04710915801624891,0.0006421430367783966,0.0005110974502216688,0.00044566204316149466,0.0004778968627750942,0.0005183232657162922,-0.048693939710863665,4.839012601242763e-10,2.538388667717722e-10,0.547829917913964
SNA,l2,negative,8,30321.157894736843,-0.055157513390009995,-0.10188228387161644,0.06158554780601274,0.053337847734655795,0.000798856386255407,0.0006410905789612562,0.00048308779489468983,0.0005179119285402201,0.002702749194461897,-0.05297904105650336,4.192369521485956e-10,4.979287440688534e-10,0.547829917913964
SNA,l2,negative,9,30321.157894736843,-0.06472398243176616,-0.11775329699904344,0.06687440935501658,0.05839464023682552,0.0009669494263472262,0.0007826154180473908,0.0005165986968347263,0.0005539148970184524,0.00414062636825758,-0.05723768877752783,2.6490215889522465e-10,8.679299223608464e-10,0.547829917913964
SNA,l2,negative,10,30321.157894736843,-0.07394423579779139,-0.13310207693595943,0.07126086063731746,0.06272422637909117,0.0011461396049632921,0.000935268754917486,0.0005457979530465517,0.0005854909948594325,0.0033208457579601406,-0.06274115943124796,6.392937072160023e-11,1.2843688337951288e-09,0.547829917913964
SNA,l2,negative,11,30321.157894736843,-0.0832582385706564,-0.147899533080306,0.074731736209852,0.06613072749127342,0.0013390525424112924,0.0010985764324357064,0.0005716983819487216,0.0006135755777237411,-0.000501718470705605,-0.07016530138191755,4.8141219425833394e-11,1.87132899176819e-09,0.547829917913964
SNA,l2,negative,12,30321.157894736843,-0.09245944618460424,-0.1618050615300471,0.07663598077901516,0.06835598471923363,0.0015424204044212045,0.0012720418456501213,0.0005949462506219669,0.000638661093548593,-0.004723069996411019,-0.0771623592678257,-1.5059110258813668e-10,2.44169842940714e-09,0.547829917913964
SNA,l2,negative,13,30321.157894736843,-0.10085085485736682,-0.1733299676576421,0.07771226864832058,0.06979309090380245,0.0017557104162621241,0.0014551968770622212,0.0006157762906583957,0.0006611627555804092,-0.010225308968906615,-0.08448658954850158,-2.8946378420638783e-10,3.1411310922542078e-09,0.547829917913964
SNA,l2,negative,14,30321.157894736843,-0.10871845046209572,-0.18326364647261906,0.07802752594503429,0.0708017850995742,0.001977486825046271,0.0016439823240685693,0.0006343298832976569,0.00068120323474084,-0.016218758140970724,-0.09200033648788176,-1.532021923700759e-10,4.071604950082297e-09,0.547829917913964
SNA,l2,negative,15,30321.157894736843,-0.115118624822735,-0.19242851198636776,0.07836431640532122,0.07179567631360136,0.0022021980330803087,0.0018394292372687616,0.0006509146743609142,0.0006991424703839905,-0.022706300914822303,-0.09902246129006131,-6.244406661740504e-11,4.894597692995535e-09,0.547829917913964
SNA,l2,negative,16,30321.157894736843,-0.12083970392659332,-0.20014540719464327,0.07769644540007964,0.07205418294988862,0.0024341511447464334,0.0020421574779731924,0.0006657717089943388,0.0007152273010008925,-0.029555885395535348,-0.10617005143919116,4.839524501181364e-10,6.07322375210767e-09,0.547829917913964
SNA,l2,negative,17,30321.157894736843,-0.1263730225599987,-0.20689712807180963,0.0769123367211391,0.07203936675412896,0.0026728811943997266,0.0022517009648690156,0.0006790853921848576,0.0007296493917044744,-0.0349220127905995,-0.11170496253948695,9.93799748309901e-10,7.198083154555682e-09,0.547829917913964
SNA,l2,negative,18,30321.157894736843,-0.1317420713016647,-0.21309121549990007,0.07637184981830562,0.07198220407552407,0.0029176372276822436,0.0024673212311610957,0.0006908583548655778,0.0007424397858882748,-0.03941130247880128,-0.11587009129583574,1.8233629514360423e-09,8.689046157759316e-09,0.547829917913964
SNA,l2,negative,19,30321.157894736843,-0.13689336135593091,-0.21718551311339573,0.07577311535696729,0.07191683527527826,0.0031682582024621323,0.002688775780977289,0.0007014195348312769,0.0007539503571912818,-0.04191515418097923,-0.11837764716278429,2.3509934941306778e-09,9.819051581163643e-09,0.547829917913964
SNA,l2,negative,20,30321.157894736843,-0.13961106679345556,-0.22100014405550605,0.0755351532029622,0.0720710180593367,0.0034241750958638527,0.0029155049329070517,0.0007108438612445688,0.0007642721579452005,-0.04497936887726121,-0.1210849697593442,2.820029081885907e-09,1.0703388202250156e-08,0.547829917913964
SNA,l2,positive,1,20878.842105263157,-0.016442158254936907,-0.00975902145870591,0.0024476023399225433,0.002582380985946178,-6.183332304563053e-06,-1.1658125336142473e-06,0.00028941256077962474,6.088656329278159e-05,-0.014728487250867804,-0.008106629607246863,-6.353974497792388e-10,-2.254919293363686e-10,0.6819707196340413
SNA,l2,positive,2,20878.842105263157,-0.0413660047140465,-0.024415762261039798,0.006128507717488348,0.006631876685136326,-1.6839862488416955e-05,-3.087793517641233e-06,0.0005435761329929167,0.0001114023176728276,-0.037041203370601725,-0.019898382402763107,-1.7645846985665328e-09,-8.762768795720142e-10,0.6819707196340413
SNA,l2,positive,3,20878.842105263157,-0.06969598878703101,-0.041295387029694014,0.01052296223700673,0.011625561720002503,-3.0329432188820902e-05,-4.936877576963872e-06,0.0007636296247461873,0.0001521168238393593,-0.06212218164816715,-0.03325149456027617,-2.345536058630155e-09,-9.438445475122304e-10,0.6819707196340413
SNA,l2,positive,4,20878.842105263157,-0.0975953200652213,-0.05776708023651313,0.01563511693549716,0.017514943310023966,-4.505830614118393e-05,-5.913562087776976e-06,0.0009583314853936777,0.0001871007485291711,-0.08671957677140962,-0.04592388922801551,-2.834355666030372e-09,-9.956084499161803e-10,0.6819707196340413
SNA,l2,positive,5,20878.842105263157,-0.12362771178696028,-0.0732664538509349,0.020923421065041775,0.023492555802729714,-5.9623302490507504e-05,-5.404960251840674e-06,0.001131158727068762,0.00021718142390146395,-0.10896506234632979,-0.05724087589154095,-2.4106746735038567e-09,-9.065930890309626e-10,0.6819707196340413
SNA,l2,positive,6,20878.842105263157,-0.15288782784601015,-0.09140192391137204,0.02606738838929105,0.02938048350433909,-7.278467568923602e-05,-2.804139247621213e-06,0.001284969698766025,0.00024342700586518973,-0.13439157050346937,-0.07154783937418777,-1.9064150312965445e-09,-6.775545176487907e-10,0.6819707196340413
SNA,l2,positive,7,20878.842105263157,-0.18281450925195858,-0.1101138211913493,0.031177149217544324,0.03452537124626962,-8.33921307995863e-05,2.6081753192191924e-06,0.0014216210608550093,0.0002658806494697165,-0.16051153409547392,-0.08674886697991362,-7.228599597502305e-10,-7.328505242905398e-11,0.6819707196340413
SNA,l2,positive,8,20878.842105263157,-0.2110344219468001,-0.12805225358181238,0.035646941775125375,0.038953692886087105,-9.050825244114009e-05,1.1403911837609536e-05,0.0015441894796272247,0.0002859331095544531,-0.18542554328608474,-0.10197159476252206,4.2560614907113863e-10,3.8471624825452285e-10,0.6819707196340413
SNA,l2,positive,9,20878.842105263157,-0.24134603568528398,-0.14762122334545993,0.03943601443154495,0.042455373165558405,-9.334069233438562e-05,2.4092631769594158e-05,0.0016533094445261663,0.0003031090580565924,-0.21290103712541356,-0.11688784708528778,1.6524868378159309e-09,1.0793314725076836e-09,0.6819707196340413
SNA,l2,positive,10,20878.842105263157,-0.27048539125938065,-0.16634376811657922,0.04277014964820188,0.04532642874873011,-9.118373241140294e-05,4.1156065540440625e-05,0.0017513878053214817,0.000318465379480668,-0.23771623247045745,-0.12860715006165013,3.551574330802887e-09,2.119661901615528e-09,0.6819707196340413
SNA,l2,positive,11,20878.842105263157,-0.2977538261092973,-0.18418215172051244,0.045087510746822886,0.04731179252318379,-8.349440178626682e-05,6.303470882565057e-05,0.0018394222503288471,0.00033208492117625335,-0.2565506982750629,-0.14122704664490754,5.372493609540939e-09,3.171036195838387e-09,0.6819707196340413
SNA,l2,positive,12,20878.842105263157,-0.3221401813911818,-0.20059260991828887,0.04693620542876809,0.04838517064620032,-6.983745647105701e-05,9.007484232735077e-05,0.0019180595203954008,0.00034394417921720336,-0.2733410596347439,-0.15278440193016452,7.921140503081635e-09,4.489642189170861e-09,0.6819707196340413
SNA,l2,positive,13,20878.842105263157,-0.3433013927199565,-0.2149398779733622,0.048018963573731976,0.04879302312093656,-4.9953615742280826e-05,0.00012249462172945008,0.001988375418728763,0.0003542774510112204,-0.2885275028199712,-0.16383115071285526,1.073543555115555e-08,6.161185196487467e-09,0.6819707196340413
SNA,l2,positive,14,20878.842105263157,-0.36060182421755504,-0.22703172206394984,0.049219116729053734,0.048996306326062604,-2.3660519595505606e-05,0.0001604582378475195,0.002051296445948126,0.0003633640229233456,-0.30313531415829,-0.1744689375846998,1.426769037334735e-08,8.077101222441547e-09,0.6819707196340413
SNA,l2,positive,15,20878.842105263157,-0.37386157468075115,-0.23637418970181376,0.050376146128656506,0.049264048209470855,8.908721622794534e-06,0.00020382583720072943,0.002107875300844518,0.00037145528891589276,-0.31538802360738344,-0.1840928779031749,1.7532970007140547e-08,9.778282947611885e-09,0.6819707196340413
SNA,l2,positive,16,20878.842105263157,-0.38429232170275335,-0.2439946207029534,0.05125583853605778,0.049029023708868684,4.7543235999305746e-05,0.0002524970431714452,0.0021587771071880646,0.0003786823791997856,-0.3270331079918955,-0.19333660938534344,2.0580866493700103e-08,1.1743940958785546e-08,0.6819707196340413
SNA,l2,positive,17,20878.842105263157,-0.3939266207598568,-0.25101964864466414,0.05160659366754431,0.04855936834498956,9.202956571860556e-05,0.00030622801870929797,0.0022040240170941895,0.00038484574792980905,-0.3365226021963328,-0.20081807900711524,2.377101793502111e-08,1.3562817306481422e-08,0.6819707196340413
SNA,l2,positive,18,20878.842105263157,-0.4022102234212271,-0.2572796515357771,0.051568967970528,0.04805405840863155,0.00014209089187581755,0.0003648692837619402,0.0022445746848699585,0.0003902863259876497,-0.34380423898581586,-0.20663143314319574,2.7087421135034934e-08,1.582211429400507e-08,0.6819707196340413
SNA,l2,positive,19,20878.842105263157,-0.40831516643231835,-0.2623346205326936,0.05161409360496998,0.047582833683452355,0.00019743138099921742,0.0004281434937439873,0.0022809827725589473,0.0003951067978371999,-0.3497203476261784,-0.2106827055665631,2.990689957909362e-08,1.770471754910438e-08,0.6819707196340413
SNA,l2,positive,20,20878.842105263157,-0.4115489583109313,-0.26478269065752963,0.05172029873502283,0.04729490961329142,0.00025770083852341317,0.000495748861072451,0.0023136472484675823,0.00039937465891223866,-0.3550158750069009,-0.21479498680150577,3.2219303552051155e-08,1.9174631432102433e-08,0.6819707196340413
SNA,none,negative,1,36442.84210526316,-0.005677678416285586,-0.009087612333039424,0.007022481376124411,0.005589745111479543,0.0,0.0,-1.6420207852863744e-05,-4.387811966391721e-05,0.0016081306445652381,-0.003261107789895792,5.130246717243192e-10,5.832890274948745e-11,0.48224431863497624
SNA,none,negative,2,36442.84210526316,-0.014747585568571513,-0.024096620462777652,0.01784664553270174,0.01470980426220346,0.0,0.0,-3.3015304332238434e-05,-8.388132489082409e-05,0.0030252450880478283,-0.009470696971550695,1.1143611287750133e-09,1.4426397591172543e-10,0.48224431863497624
SNA,none,negative,3,36442.84210526316,-0.026405928664256773,-0.042935628822644456,0.03292416214097275,0.02746022099967052,0.0,0.0,-4.745116893769993e-05,-0.00012136471024926203,0.006413907058768108,-0.015596771643535708,2.2730074265125124e-09,9.016559308263142e-10,0.48224431863497624
SNA,none,negative,4,36442.84210526316,-0.03873661378318838,-0.0622892498862444,0.050919214223043845,0.04279979750956931,0.0,0.0,-6.098560367193857e-05,-0.0001571769926345745,0.012049313048535053,-0.019646628520959643,3.0618129766329657e-09,1.3252588712097452e-09,0.48224431863497624
SNA,none,negative,5,36442.84210526316,-0.05121519321784117,-0.08081388810864248,0.07010484473856,0.059294992583614474,0.0,0.0,-7.466289249454947e-05,-0.00019003888359571722,0.018273897110930637,-0.02382871520502379,2.6313789700010627e-09,1.1829017805969156e-09,0.48224431863497624
SNA,none,negative,6,36442.84210526316,-0.06339903293215454,-0.09961675458197315,0.08911410551645609,0.07563316255023546,0.0,0.0,-8.644373449968719e-05,-0.0002200225564623186,0.024629156599366493,-0.027622250415491115,3.331005251311243e-09,1.671434007732149e-09,0.48224431863497624
SNA,none,negative,7,36442.84210526316,-0.07608944394181076,-0.11888657962368847,0.10858224378226994,0.09245154195240424,0.0,0.0,-9.68943784258585e-05,-0.00024675256115975857,0.030637572326855395,-0.031176919810968373,2.9773341045188374e-09,1.5820300757755023e-09,0.48224431863497624
SNA,none,negative,8,36442.84210526316,-0.08879823159744428,-0.13765929033575197,0.12780874814822904,0.10880839572297339,0.0,0.0,-0.00010715517806020932,-0.0002706970503885794,0.03512406957369168,-0.03347104340072762,3.694028264041131e-09,2.3851578993674742e-09,0.48224431863497624
SNA,none,negative,9,36442.84210526316,-0.10179109404378817,-0.15661797651984696,0.1462681808230184,0.12416938523941645,0.0,0.0,-0.00011632823543952131,-0.0002921459931534117,0.03981071085280619,-0.03596392855573058,2.9535158446587396e-09,2.9165834474860365e-09,0.48224431863497624
SNA,none,negative,10,36442.84210526316,-0.11469984458271458,-0.17485452891818173,0.163475152870406,0.13970729593376358,0.0,0.0,-0.00012469257739191754,-0.00031137033187385673,0.04422804599589724,-0.0397958248277177,2.7754276794641576e-09,3.1967222891618516e-09,0.48224431863497624
SNA,none,negative,11,36442.84210526316,-0.12894401153620685,-0.19426597821239436,0.17953190027270774,0.15475391048756473,0.0,0.0,-0.00013240108101723286,-0.0003287014139444251,0.046247031027366645,-0.045290304273586796,2.9240456443256923e-09,4.4603676559795865e-09,0.48224431863497624
SNA,none,negative,12,36442.84210526316,-0.14487928290729946,-0.21530664928752424,0.1945863965948482,0.1684011488945326,0.0,0.0,-0.0001390120250884646,-0.0003444216919397992,0.045706845853344724,-0.05129107206851211,2.336514017636836e-09,4.831205054926043e-09,0.48224431863497624
SNA,none,negative,13,36442.84210526316,-0.15973656227508223,-0.23460251438244395,0.2079512792951686,0.1805419744555917,0.0,0.0,-0.00014535388910952234,-0.00035845927247016106,0.04510548812028169,-0.05881926723929445,3.348424528936779e-09,6.562042737290172e-09,0.48224431863497624
SNA,none,negative,14,36442.84210526316,-0.17514213424145383,-0.25446129670218093,0.22029522474779273,0.1918610794198167,0.0,0.0,-0.0001510468427312509,-0.00037100975631358267,0.04321578310888154,-0.06729249045331138,2.3173558324147476e-09,6.919657045951631e-09,0.48224431863497624
SNA,none,negative,15,36442.84210526316,-0.19047012906537678,-0.2741358620045328,0.23147021659216516,0.20226454389236012,0.0,0.0,-0.00015623767317415448,-0.0003821822522383093,0.04090152874385738,-0.07684817971944492,1.4674167725724124e-09,6.960858956401067e-09,0.48224431863497624
SNA,none,negative,16,36442.84210526316,-0.20651104527483286,-0.2941747128996639,0.24189397873806046,0.21149169667168116,0.0,0.0,-0.00016091673611550236,-0.0003921826777133865,0.03744743169344118,-0.08559736797871045,1.1377569404527962e-10,6.918969640076742e-09,0.48224431863497624
SNA,none,negative,17,36442.84210526316,-0.22235574010405745,-0.31405102490153763,0.2546961682870031,0.22011216971837655,0.0,0.0,-0.000165157638480659,-0.0004011260854051815,0.034449542796048706,-0.0940616057256919,4.248911579047634e-10,8.596645057989345e-09,0.48224431863497624
SNA,none,negative,18,36442.84210526316,-0.23825281005021468,-0.33109764050398366,0.26600963608563966,0.22821061478782367,0.0,0.0,-0.00016891190781901882,-0.00040907921744367376,0.02990590010197967,-0.10329609595695818,-6.077132799287581e-11,8.97664544192915e-09,0.48224431863497624
SNA,none,negative,19,36442.84210526316,-0.25274703550342337,-0.34603062221000047,0.2767910908391466,0.2375124778291128,0.0,0.0,-0.00017233439610050969,-0.0004161240934309514,0.024983145168756913,-0.11021064809591115,-1.0621852989836622e-09,9.025781006042611e-09,0.48224431863497624
SNA,none,negative,20,36442.84210526316,-0.26498619295581866,-0.36094962635276984,0.28713041232362,0.2464699350474977,0.0,0.0,-0.0001754110944984615,-0.0004225579911067905,0.021374774124128873,-0.11708348555633676,-3.022705206247134e-09,8.257137185920344e-09,0.48224431863497624
SNA,none,positive,1,14757.157894736842,-0.017520418135675855,-0.009563100411852633,0.00220891980188747,0.004274898278596141,0.0,0.0,-4.298633031962693e-05,-4.631619979811388e-05,-0.015539961309276432,-0.005249220281077533,-1.0910347395304149e-09,-4.5319668706484776e-10,0.6523317635509635
SNA,none,positive,2,14757.157894736842,-0.046729453019968566,-0.025849145136607955,0.005669381630501641,0.011850126369725824,0.0,0.0,-9.11182776204847e-05,-8.977430831623558e-05,-0.04172881188293952,-0.015154170872796252,-1.9105786103873365e-09,-3.959312856491283e-10,0.6523317635509635
SNA,none,positive,3,14757.157894736842,-0.08225577373288095,-0.04553227353563055,0.011538310111804825,0.022273833590827394,0.0,0.0,-0.00013950186646927178,-0.00013087190199125915,-0.07285194448870888,-0.0256751590440403,-1.6625950234987113e-09,2.74472180817326e-10,0.6523317635509635
SNA,none,positive,4,14757.157894736842,-0.11835626808934233,-0.06546133925188678,0.01769104202945484,0.03462382820076828,0.0,0.0,-0.00018678858687801335,-0.00016990018373054834,-0.10333877128530053,-0.03493475145717317,-2.015568058857195e-09,7.187977303999345e-10,0.6523317635509635
SNA,none,positive,5,14757.157894736842,-0.15310892401549192,-0.0846845318007083,0.024552155967138122,0.04778480289116606,0.0,0.0,-0.00023049886210759095,-0.00020570774615950773,-0.1314755022680195,-0.04322042565071188,-2.2086467346794248e-09,1.08231961053793e-09,0.6523317635509635
SNA,none,positive,6,14757.157894736842,-0.1883265279420621,-0.10430797373639879,0.03148028198756191,0.060605449951262456,0.0,0.0,-0.00026991134938203845,-0.0002382160423865413,-0.16006903720637158,-0.051487119624100706,-2.3546398488540976e-09,1.2333033565219257e-09,0.6523317635509635
SNA,none,positive,7,14757.157894736842,-0.22393680141419273,-0.12436849790381684,0.03907625889828489,0.0738092126278955,0.0,0.0,-0.0003049211783117657,-0.0002673456906476736,-0.18850716322673486,-0.05985182617812304,-2.136474614435417e-09,1.5187094361462404e-09,0.6523317635509635
SNA,none,positive,8,14757.157894736842,-0.2578503721433342,-0.14378737637909964,0.04703888353651126,0.08697915329031367,0.0,0.0,-0.0003366125079095713,-0.00029344921004483926,-0.2149609908019693,-0.06829163517630593,4.976510968085899e-10,2.6407637764279423e-09,0.6523317635509635
SNA,none,positive,9,14757.157894736842,-0.2919128603345822,-0.16335955001889593,0.0555376692151474,0.09966973087517274,0.0,0.0,-0.00036477967788656586,-0.0003167247305001067,-0.24098147058468164,-0.07641157514591419,4.267652633844243e-09,3.839649231001646e-09,0.6523317635509635
SNA,none,positive,10,14757.157894736842,-0.32624235022052145,-0.18198502764014862,0.06474569065947691,0.11178800787174381,0.0,0.0,-0.00039017592222280895,-0.0003376565500993003,-0.2641793297344293,-0.08356217784457479,5.667102216511454e-09,4.293093881615189e-09,0.6523317635509635
SNA,none,positive,11,14757.157894736842,-0.3579873636797897,-0.2014464049986118,0.07417836358661145,0.1232346486397097,0.0,0.0,-0.00041324494864482947,-0.00035657470359446304,-0.28766526179836527,-0.09209438796742513,1.0254141412980986e-08,6.308228195478805e-09,0.6523317635509635
SNA,none,positive,12,14757.157894736842,-0.3894755663558249,-0.22229969279888082,0.0839923251889933,0.1341658416891971,0.0,0.0,-0.0004341738693943055,-0.000373711358420629,-0.31241970223764054,-0.10244420043022973,1.3274887996337837e-08,7.0921184219794235e-09,0.6523317635509635
SNA,none,positive,13,14757.157894736842,-0.41870061682748666,-0.24131171995789505,0.0935399928525162,0.14413298528619614,0.0,0.0,-0.00045297881939429795,-0.00038906888512683647,-0.33405324275976117,-0.11154747958907305,1.689192358323773e-08,9.103953519870415e-09,0.6523317635509635
SNA,none,positive,14,14757.157894736842,-0.4470539836895657,-0.26069176610068306,0.1030615253547749,0.15350798305937685,0.0,0.0,-0.0004697659319719389,-0.0004027878705980002,-0.3564580153465439,-0.12157423723948506,1.8665908995814414e-08,8.941871790378452e-09,0.6523317635509635
SNA,none,positive,15,14757.157894736842,-0.4762260338773808,-0.2798042897141927,0.11147567545329654,0.16224680361261093,0.0,0.0,-0.0004847233815936131,-0.0004150411006878155,-0.37854127898820916,-0.13165026052025033,2.144882562532026e-08,9.69406246970441e-09,0.6523317635509635
SNA,none,positive,16,14757.157894736842,-0.5046276507205036,-0.2991009663613493,0.11839781153416899,0.17003858545992265,0.0,0.0,-0.0004981330290190792,-0.00042601174187992843,-0.4000103334455547,-0.14211458472866292,2.4810840753066098e-08,1.1151099029087712e-08,0.6523317635509635
SNA,none,positive,17,14757.157894736842,-0.5327014700165059,-0.31811292113149525,0.12506441753730102,0.17739101851143793,0.0,0.0,-0.0005100459314725279,-0.00043580102372162534,-0.42128510246287393,-0.1521415891003716,2.8686275437307783e-08,1.2432045452123486e-08,0.6523317635509635
SNA,none,positive,18,14757.157894736842,-0.5595963179133803,-0.3367624245641725,0.13137359744286314,0.1842971424967699,0.0,0.0,-0.0005207077553115466,-0.0004445523470616171,-0.44234795476922517,-0.16288564688403642,3.2700699420511084e-08,1.3776077599479863e-08,0.6523317635509635
SNA,none,positive,19,14757.157894736842,-0.5859468808674417,-0.35510923168620784,0.13744744805335626,0.1911472050740317,0.0,0.0,-0.000530102600859408,-0.00045231019721281816,-0.46340484564812073,-0.17376903293365698,3.437210142763163e-08,1.4176870998366294e-08,0.6523317635509635
SNA,none,positive,20,14757.157894736842,-0.608855133607002,-0.37116233156312095,0.14330288143682499,0.19804804619929914,0.0,0.0,-0.0005386153860468699,-0.00045936678043651837,-0.4814119158269076,-0.18271649487328653,3.768595392167116e-08,1.4290029072591101e-08,0.6523317635509635
